,realtime_start,date,value
0,1992-12-22 00:00:00,1946-01-01 00:00:00,199.7
1,1996-01-19 00:00:00,1946-01-01 00:00:00,
2,1997-05-07 00:00:00,1946-01-01 00:00:00,210.4
3,1999-10-28 00:00:00,1946-01-01 00:00:00,
4,1992-12-22 00:00:00,1946-04-01 00:00:00,207.7
5,1996-01-19 00:00:00,1946-04-01 00:00:00,
6,1997-05-07 00:00:00,1946-04-01 00:00:00,218.5
7,1999-10-28 00:00:00,1946-04-01 00:00:00,
8,1992-12-22 00:00:00,1946-07-01 00:00:00,217.9
9,1996-01-19 00:00:00,1946-07-01 00:00:00,
10,1997-05-07 00:00:00,1946-07-01 00:00:00,228.6
11,1999-10-28 00:00:00,1946-07-01 00:00:00,
12,1992-12-22 00:00:00,1946-10-01 00:00:00,222.2
13,1996-01-19 00:00:00,1946-10-01 00:00:00,
14,1997-05-07 00:00:00,1946-10-01 00:00:00,232.8
15,1999-10-28 00:00:00,1946-10-01 00:00:00,
16,1992-12-22 00:00:00,1947-01-01 00:00:00,226.7
17,1996-01-19 00:00:00,1947-01-01 00:00:00,
18,1997-05-07 00:00:00,1947-01-01 00:00:00,237.4
19,1999-10-28 00:00:00,1947-01-01 00:00:00,
20,2000-04-27 00:00:00,1947-01-01 00:00:00,237.5
21,2003-12-10 00:00:00,1947-01-01 00:00:00,237.2
22,2013-07-31 00:00:00,1947-01-01 00:00:00,243.1
23,2017-10-27 00:00:00,1947-01-01 00:00:00,243.08
24,2018-07-27 00:00:00,1947-01-01 00:00:00,243.164
25,1992-12-22 00:00:00,1947-04-01 00:00:00,230.6
26,1996-01-19 00:00:00,1947-04-01 00:00:00,
27,1997-05-07 00:00:00,1947-04-01 00:00:00,240.9
28,1999-10-28 00:00:00,1947-04-01 00:00:00,
29,2000-04-27 00:00:00,1947-04-01 00:00:00,240.7
30,2003-12-10 00:00:00,1947-04-01 00:00:00,240.5
31,2009-07-31 00:00:00,1947-04-01 00:00:00,240.4
32,2013-07-31 00:00:00,1947-04-01 00:00:00,246.3
33,2017-10-27 00:00:00,1947-04-01 00:00:00,246.267
34,2018-07-27 00:00:00,1947-04-01 00:00:00,245.968
35,1992-12-22 00:00:00,1947-07-01 00:00:00,234.9
36,1996-01-19 00:00:00,1947-07-01 00:00:00,
37,1997-05-07 00:00:00,1947-07-01 00:00:00,245.1
38,1999-10-28 00:00:00,1947-07-01 00:00:00,
39,2000-04-27 00:00:00,1947-07-01 00:00:00,244.9
40,2003-12-10 00:00:00,1947-07-01 00:00:00,244.6
41,2009-07-31 00:00:00,1947-07-01 00:00:00,244.5
42,2013-07-31 00:00:00,1947-07-01 00:00:00,250.1
43,2017-10-27 00:00:00,1947-07-01 00:00:00,250.115
44,2018-07-27 00:00:00,1947-07-01 00:00:00,249.585
45,1992-12-22 00:00:00,1947-10-01 00:00:00,245.0
46,1996-01-19 00:00:00,1947-10-01 00:00:00,
47,1997-05-07 00:00:00,1947-10-01 00:00:00,255.0
48,1999-10-28 00:00:00,1947-10-01 00:00:00,
49,2000-04-27 00:00:00,1947-10-01 00:00:00,254.7
50,2003-12-10 00:00:00,1947-10-01 00:00:00,254.4
51,2009-07-31 00:00:00,1947-10-01 00:00:00,254.3
52,2013-07-31 00:00:00,1947-10-01 00:00:00,260.3
53,2017-10-27 00:00:00,1947-10-01 00:00:00,260.309
54,2018-07-27 00:00:00,1947-10-01 00:00:00,259.745
55,1992-12-22 00:00:00,1948-01-01 00:00:00,251.1
56,1996-01-19 00:00:00,1948-01-01 00:00:00,
57,1997-05-07 00:00:00,1948-01-01 00:00:00,260.8
58,1999-10-28 00:00:00,1948-01-01 00:00:00,
59,2000-04-27 00:00:00,1948-01-01 00:00:00,260.8
60,2003-12-10 00:00:00,1948-01-01 00:00:00,260.4
61,2009-07-31 00:00:00,1948-01-01 00:00:00,260.3
62,2013-07-31 00:00:00,1948-01-01 00:00:00,266.2
63,2017-10-27 00:00:00,1948-01-01 00:00:00,266.173
64,2018-07-27 00:00:00,1948-01-01 00:00:00,265.742
65,1992-12-22 00:00:00,1948-04-01 00:00:00,258.3
66,1996-01-19 00:00:00,1948-04-01 00:00:00,
67,1997-05-07 00:00:00,1948-04-01 00:00:00,267.9
68,1999-10-28 00:00:00,1948-04-01 00:00:00,
69,2000-04-27 00:00:00,1948-04-01 00:00:00,267.7
70,2003-12-10 00:00:00,1948-04-01 00:00:00,267.3
71,2013-07-31 00:00:00,1948-04-01 00:00:00,272.9
72,2017-10-27 00:00:00,1948-04-01 00:00:00,272.897
73,2018-07-27 00:00:00,1948-04-01 00:00:00,272.567
74,1992-12-22 00:00:00,1948-07-01 00:00:00,265.3
75,1996-01-19 00:00:00,1948-07-01 00:00:00,
76,1997-05-07 00:00:00,1948-07-01 00:00:00,274.4
77,1999-10-28 00:00:00,1948-07-01 00:00:00,
78,2000-04-27 00:00:00,1948-07-01 00:00:00,274.3
79,2003-12-10 00:00:00,1948-07-01 00:00:00,273.9
80,2009-07-31 00:00:00,1948-07-01 00:00:00,273.8
81,2013-07-31 00:00:00,1948-07-01 00:00:00,279.5
82,2017-10-27 00:00:00,1948-07-01 00:00:00,279.497
83,2018-07-27 00:00:00,1948-07-01 00:00:00,279.196
84,1992-12-22 00:00:00,1948-10-01 00:00:00,266.6
85,1996-01-19 00:00:00,1948-10-01 00:00:00,
86,1997-05-07 00:00:00,1948-10-01 00:00:00,275.8
87,1999-10-28 00:00:00,1948-10-01 00:00:00,
88,2000-04-27 00:00:00,1948-10-01 00:00:00,275.6
89,2003-12-10 00:00:00,1948-10-01 00:00:00,275.2
90,2009-07-31 00:00:00,1948-10-01 00:00:00,275.1
91,2013-07-31 00:00:00,1948-10-01 00:00:00,280.7
92,2017-10-27 00:00:00,1948-10-01 00:00:00,280.656
93,2018-07-27 00:00:00,1948-10-01 00:00:00,280.366
94,1992-12-22 00:00:00,1949-01-01 00:00:00,261.6
95,1996-01-19 00:00:00,1949-01-01 00:00:00,
96,1997-05-07 00:00:00,1949-01-01 00:00:00,270.6
97,1999-10-28 00:00:00,1949-01-01 00:00:00,
98,2000-04-27 00:00:00,1949-01-01 00:00:00,270.4
99,2003-12-10 00:00:00,1949-01-01 00:00:00,270.0
100,2009-07-31 00:00:00,1949-01-01 00:00:00,269.9
101,2013-07-31 00:00:00,1949-01-01 00:00:00,275.4
102,2017-10-27 00:00:00,1949-01-01 00:00:00,275.37
103,2018-07-27 00:00:00,1949-01-01 00:00:00,275.034
104,1992-12-22 00:00:00,1949-04-01 00:00:00,258.1
105,1996-01-19 00:00:00,1949-04-01 00:00:00,
106,1997-05-07 00:00:00,1949-04-01 00:00:00,266.7
107,1999-10-28 00:00:00,1949-04-01 00:00:00,
108,2000-04-27 00:00:00,1949-04-01 00:00:00,266.6
109,2003-12-10 00:00:00,1949-04-01 00:00:00,266.2
110,2013-07-31 00:00:00,1949-04-01 00:00:00,271.7
111,2017-10-27 00:00:00,1949-04-01 00:00:00,271.692
112,2018-07-27 00:00:00,1949-04-01 00:00:00,271.351
113,1992-12-22 00:00:00,1949-07-01 00:00:00,259.9
114,1996-01-19 00:00:00,1949-07-01 00:00:00,
115,1997-05-07 00:00:00,1949-07-01 00:00:00,268.1
116,1999-10-28 00:00:00,1949-07-01 00:00:00,
117,2000-04-27 00:00:00,1949-07-01 00:00:00,268.0
118,2003-12-10 00:00:00,1949-07-01 00:00:00,267.7
119,2009-07-31 00:00:00,1949-07-01 00:00:00,267.6
120,2013-07-31 00:00:00,1949-07-01 00:00:00,273.3
121,2017-10-27 00:00:00,1949-07-01 00:00:00,273.262
122,2018-07-27 00:00:00,1949-07-01 00:00:00,272.889
123,1992-12-22 00:00:00,1949-10-01 00:00:00,257.7
124,1996-01-19 00:00:00,1949-10-01 00:00:00,
125,1997-05-07 00:00:00,1949-10-01 00:00:00,265.7
126,1999-10-28 00:00:00,1949-10-01 00:00:00,
127,2000-04-27 00:00:00,1949-10-01 00:00:00,265.6
128,2003-12-10 00:00:00,1949-10-01 00:00:00,265.2
129,2013-07-31 00:00:00,1949-10-01 00:00:00,271.0
130,2017-10-27 00:00:00,1949-10-01 00:00:00,270.984
131,2018-07-27 00:00:00,1949-10-01 00:00:00,270.627
132,1992-12-22 00:00:00,1950-01-01 00:00:00,268.3
133,1996-01-19 00:00:00,1950-01-01 00:00:00,
134,1997-05-07 00:00:00,1950-01-01 00:00:00,276.0
135,1999-10-28 00:00:00,1950-01-01 00:00:00,
136,2000-04-27 00:00:00,1950-01-01 00:00:00,275.7
137,2003-12-10 00:00:00,1950-01-01 00:00:00,275.2
138,2013-07-31 00:00:00,1950-01-01 00:00:00,281.2
139,2017-10-27 00:00:00,1950-01-01 00:00:00,281.209
140,2018-07-27 00:00:00,1950-01-01 00:00:00,280.828
141,1992-12-22 00:00:00,1950-04-01 00:00:00,277.9
142,1996-01-19 00:00:00,1950-04-01 00:00:00,
143,1997-05-07 00:00:00,1950-04-01 00:00:00,285.3
144,1999-10-28 00:00:00,1950-04-01 00:00:00,
145,2000-04-27 00:00:00,1950-04-01 00:00:00,285.1
146,2003-12-10 00:00:00,1950-04-01 00:00:00,284.6
147,2009-07-31 00:00:00,1950-04-01 00:00:00,284.5
148,2013-07-31 00:00:00,1950-04-01 00:00:00,290.7
149,2017-10-27 00:00:00,1950-04-01 00:00:00,290.735
150,2018-07-27 00:00:00,1950-04-01 00:00:00,290.383
151,1992-12-22 00:00:00,1950-07-01 00:00:00,295.3
152,1996-01-19 00:00:00,1950-07-01 00:00:00,
153,1997-05-07 00:00:00,1950-07-01 00:00:00,302.8
154,1999-10-28 00:00:00,1950-07-01 00:00:00,
155,2000-04-27 00:00:00,1950-07-01 00:00:00,302.5
156,2003-12-10 00:00:00,1950-07-01 00:00:00,302.0
157,2009-07-31 00:00:00,1950-07-01 00:00:00,301.9
158,2013-07-31 00:00:00,1950-07-01 00:00:00,308.5
159,2017-10-27 00:00:00,1950-07-01 00:00:00,308.51
160,2018-07-27 00:00:00,1950-07-01 00:00:00,308.153
161,1992-12-22 00:00:00,1950-10-01 00:00:00,306.7
162,1996-01-19 00:00:00,1950-10-01 00:00:00,
163,1997-05-07 00:00:00,1950-10-01 00:00:00,314.4
164,1999-10-28 00:00:00,1950-10-01 00:00:00,
165,2000-04-27 00:00:00,1950-10-01 00:00:00,313.9
166,2003-12-10 00:00:00,1950-10-01 00:00:00,313.4
167,2009-07-31 00:00:00,1950-10-01 00:00:00,313.3
168,2013-07-31 00:00:00,1950-10-01 00:00:00,320.3
169,2017-10-27 00:00:00,1950-10-01 00:00:00,320.32
170,2018-07-27 00:00:00,1950-10-01 00:00:00,319.945
171,1992-12-22 00:00:00,1951-01-01 00:00:00,321.6
172,1996-01-19 00:00:00,1951-01-01 00:00:00,
173,1997-05-07 00:00:00,1951-01-01 00:00:00,329.5
174,1999-10-28 00:00:00,1951-01-01 00:00:00,
175,2000-04-27 00:00:00,1951-01-01 00:00:00,329.3
176,2003-12-10 00:00:00,1951-01-01 00:00:00,329.0
177,2013-07-31 00:00:00,1951-01-01 00:00:00,336.4
178,2017-10-27 00:00:00,1951-01-01 00:00:00,336.372
179,2018-07-27 00:00:00,1951-01-01 00:00:00,336.0
180,1992-12-22 00:00:00,1951-04-01 00:00:00,329.1
181,1996-01-19 00:00:00,1951-04-01 00:00:00,
182,1997-05-07 00:00:00,1951-04-01 00:00:00,337.1
183,1999-10-28 00:00:00,1951-04-01 00:00:00,
184,2000-04-27 00:00:00,1951-04-01 00:00:00,336.9
185,2003-12-10 00:00:00,1951-04-01 00:00:00,336.7
186,2009-07-31 00:00:00,1951-04-01 00:00:00,336.6
187,2013-07-31 00:00:00,1951-04-01 00:00:00,344.5
188,2017-10-27 00:00:00,1951-04-01 00:00:00,344.455
189,2018-07-27 00:00:00,1951-04-01 00:00:00,344.09
190,1992-12-22 00:00:00,1951-07-01 00:00:00,335.8
191,1996-01-19 00:00:00,1951-07-01 00:00:00,
192,1997-05-07 00:00:00,1951-07-01 00:00:00,344.0
193,1999-10-28 00:00:00,1951-07-01 00:00:00,
194,2000-04-27 00:00:00,1951-07-01 00:00:00,343.7
195,2003-12-10 00:00:00,1951-07-01 00:00:00,343.6
196,2009-07-31 00:00:00,1951-07-01 00:00:00,343.5
197,2013-07-31 00:00:00,1951-07-01 00:00:00,351.8
198,2017-10-27 00:00:00,1951-07-01 00:00:00,351.774
199,2018-07-27 00:00:00,1951-07-01 00:00:00,351.385
200,1992-12-22 00:00:00,1951-10-01 00:00:00,340.0
201,1996-01-19 00:00:00,1951-10-01 00:00:00,
202,1997-05-07 00:00:00,1951-10-01 00:00:00,348.4
203,1999-10-28 00:00:00,1951-10-01 00:00:00,
204,2000-04-27 00:00:00,1951-10-01 00:00:00,348.1
205,2003-12-10 00:00:00,1951-10-01 00:00:00,348.0
206,2009-07-31 00:00:00,1951-10-01 00:00:00,347.9
207,2013-07-31 00:00:00,1951-10-01 00:00:00,356.6
208,2017-10-27 00:00:00,1951-10-01 00:00:00,356.579
209,2018-07-27 00:00:00,1951-10-01 00:00:00,356.178
210,1992-12-22 00:00:00,1952-01-01 00:00:00,343.2
211,1996-01-19 00:00:00,1952-01-01 00:00:00,
212,1997-05-07 00:00:00,1952-01-01 00:00:00,351.7
213,1999-10-28 00:00:00,1952-01-01 00:00:00,
214,2000-04-27 00:00:00,1952-01-01 00:00:00,351.5
215,2003-12-10 00:00:00,1952-01-01 00:00:00,351.3
216,2009-07-31 00:00:00,1952-01-01 00:00:00,351.2
217,2013-07-31 00:00:00,1952-01-01 00:00:00,360.2
218,2017-10-27 00:00:00,1952-01-01 00:00:00,360.195
219,2018-07-27 00:00:00,1952-01-01 00:00:00,359.82
220,1992-12-22 00:00:00,1952-04-01 00:00:00,343.7
221,1996-01-19 00:00:00,1952-04-01 00:00:00,
222,1997-05-07 00:00:00,1952-04-01 00:00:00,352.5
223,1999-10-28 00:00:00,1952-04-01 00:00:00,
224,2000-04-27 00:00:00,1952-04-01 00:00:00,352.4
225,2003-12-10 00:00:00,1952-04-01 00:00:00,352.2
226,2009-07-31 00:00:00,1952-04-01 00:00:00,352.1
227,2013-07-31 00:00:00,1952-04-01 00:00:00,361.4
228,2017-10-27 00:00:00,1952-04-01 00:00:00,361.414
229,2018-07-27 00:00:00,1952-04-01 00:00:00,361.03
230,1992-12-22 00:00:00,1952-07-01 00:00:00,349.6
231,1996-01-19 00:00:00,1952-07-01 00:00:00,
232,1997-05-07 00:00:00,1952-07-01 00:00:00,358.7
233,1999-10-28 00:00:00,1952-07-01 00:00:00,
234,2000-04-27 00:00:00,1952-07-01 00:00:00,358.8
235,2003-12-10 00:00:00,1952-07-01 00:00:00,358.5
236,2013-07-31 00:00:00,1952-07-01 00:00:00,368.1
237,2017-10-27 00:00:00,1952-07-01 00:00:00,368.084
238,2018-07-27 00:00:00,1952-07-01 00:00:00,367.701
239,1992-12-22 00:00:00,1952-10-01 00:00:00,362.2
240,1996-01-19 00:00:00,1952-10-01 00:00:00,
241,1997-05-07 00:00:00,1952-10-01 00:00:00,371.4
242,1999-10-28 00:00:00,1952-10-01 00:00:00,
243,2000-04-27 00:00:00,1952-10-01 00:00:00,371.8
244,2003-12-10 00:00:00,1952-10-01 00:00:00,371.4
245,2013-07-31 00:00:00,1952-10-01 00:00:00,381.2
246,2017-10-27 00:00:00,1952-10-01 00:00:00,381.241
247,2018-07-27 00:00:00,1952-10-01 00:00:00,380.812
248,1992-12-22 00:00:00,1953-01-01 00:00:00,369.0
249,1996-01-19 00:00:00,1953-01-01 00:00:00,
250,1997-05-07 00:00:00,1953-01-01 00:00:00,378.5
251,1999-10-28 00:00:00,1953-01-01 00:00:00,
252,2000-04-27 00:00:00,1953-01-01 00:00:00,378.9
253,2003-12-10 00:00:00,1953-01-01 00:00:00,378.4
254,2013-07-31 00:00:00,1953-01-01 00:00:00,388.5
255,2017-10-27 00:00:00,1953-01-01 00:00:00,388.472
256,2018-07-27 00:00:00,1953-01-01 00:00:00,387.98
257,1992-12-22 00:00:00,1953-04-01 00:00:00,372.4
258,1996-01-19 00:00:00,1953-04-01 00:00:00,
259,1997-05-07 00:00:00,1953-04-01 00:00:00,382.1
260,1999-10-28 00:00:00,1953-04-01 00:00:00,
261,2000-04-27 00:00:00,1953-04-01 00:00:00,382.5
262,2003-12-10 00:00:00,1953-04-01 00:00:00,382.0
263,2013-07-31 00:00:00,1953-04-01 00:00:00,392.3
264,2017-10-27 00:00:00,1953-04-01 00:00:00,392.259
265,2018-07-27 00:00:00,1953-04-01 00:00:00,391.749
266,1992-12-22 00:00:00,1953-07-01 00:00:00,371.8
267,1996-01-19 00:00:00,1953-07-01 00:00:00,
268,1997-05-07 00:00:00,1953-07-01 00:00:00,381.6
269,1999-10-28 00:00:00,1953-07-01 00:00:00,
270,2000-04-27 00:00:00,1953-07-01 00:00:00,381.7
271,2003-12-10 00:00:00,1953-07-01 00:00:00,381.1
272,2013-07-31 00:00:00,1953-07-01 00:00:00,391.7
273,2017-10-27 00:00:00,1953-07-01 00:00:00,391.696
274,2018-07-27 00:00:00,1953-07-01 00:00:00,391.171
275,1992-12-22 00:00:00,1953-10-01 00:00:00,366.8
276,1996-01-19 00:00:00,1953-10-01 00:00:00,
277,1997-05-07 00:00:00,1953-10-01 00:00:00,376.6
278,1999-10-28 00:00:00,1953-10-01 00:00:00,
279,2000-04-27 00:00:00,1953-10-01 00:00:00,376.6
280,2003-12-10 00:00:00,1953-10-01 00:00:00,375.9
281,2013-07-31 00:00:00,1953-10-01 00:00:00,386.5
282,2017-10-27 00:00:00,1953-10-01 00:00:00,386.521
283,2018-07-27 00:00:00,1953-10-01 00:00:00,385.97
284,1992-12-22 00:00:00,1954-01-01 00:00:00,366.3
285,1996-01-19 00:00:00,1954-01-01 00:00:00,
286,1997-05-07 00:00:00,1954-01-01 00:00:00,376.4
287,1999-10-28 00:00:00,1954-01-01 00:00:00,
288,2000-04-27 00:00:00,1954-01-01 00:00:00,376.0
289,2003-12-10 00:00:00,1954-01-01 00:00:00,375.3
290,2009-07-31 00:00:00,1954-01-01 00:00:00,375.2
291,2013-07-31 00:00:00,1954-01-01 00:00:00,385.9
292,2017-10-27 00:00:00,1954-01-01 00:00:00,385.924
293,2018-07-27 00:00:00,1954-01-01 00:00:00,385.345
294,1992-12-22 00:00:00,1954-04-01 00:00:00,366.6
295,1996-01-19 00:00:00,1954-04-01 00:00:00,
296,1997-05-07 00:00:00,1954-04-01 00:00:00,376.9
297,1999-10-28 00:00:00,1954-04-01 00:00:00,
298,2000-04-27 00:00:00,1954-04-01 00:00:00,376.7
299,2003-12-10 00:00:00,1954-04-01 00:00:00,376.0
300,2013-07-31 00:00:00,1954-04-01 00:00:00,386.7
301,2017-10-27 00:00:00,1954-04-01 00:00:00,386.716
302,2018-07-27 00:00:00,1954-04-01 00:00:00,386.121
303,1992-12-22 00:00:00,1954-07-01 00:00:00,371.2
304,1996-01-19 00:00:00,1954-07-01 00:00:00,
305,1997-05-07 00:00:00,1954-07-01 00:00:00,381.7
306,1999-10-28 00:00:00,1954-07-01 00:00:00,
307,2000-04-27 00:00:00,1954-07-01 00:00:00,381.5
308,2003-12-10 00:00:00,1954-07-01 00:00:00,380.8
309,2013-07-31 00:00:00,1954-07-01 00:00:00,391.6
310,2017-10-27 00:00:00,1954-07-01 00:00:00,391.596
311,2018-07-27 00:00:00,1954-07-01 00:00:00,390.996
312,1992-12-22 00:00:00,1954-10-01 00:00:00,379.4
313,1996-01-19 00:00:00,1954-10-01 00:00:00,
314,1997-05-07 00:00:00,1954-10-01 00:00:00,390.1
315,1999-10-28 00:00:00,1954-10-01 00:00:00,
316,2000-04-27 00:00:00,1954-10-01 00:00:00,390.1
317,2003-12-10 00:00:00,1954-10-01 00:00:00,389.5
318,2009-07-31 00:00:00,1954-10-01 00:00:00,389.4
319,2013-07-31 00:00:00,1954-10-01 00:00:00,400.3
320,2017-10-27 00:00:00,1954-10-01 00:00:00,400.348
321,2018-07-27 00:00:00,1954-10-01 00:00:00,399.734
322,1992-12-22 00:00:00,1955-01-01 00:00:00,392.3
323,1996-01-19 00:00:00,1955-01-01 00:00:00,
324,1997-05-07 00:00:00,1955-01-01 00:00:00,402.9
325,1999-10-28 00:00:00,1955-01-01 00:00:00,
326,2000-04-27 00:00:00,1955-01-01 00:00:00,403.1
327,2003-12-10 00:00:00,1955-01-01 00:00:00,402.6
328,2013-07-31 00:00:00,1955-01-01 00:00:00,413.8
329,2017-10-27 00:00:00,1955-01-01 00:00:00,413.753
330,2018-07-27 00:00:00,1955-01-01 00:00:00,413.073
331,1992-12-22 00:00:00,1955-04-01 00:00:00,400.6
332,1996-01-19 00:00:00,1955-04-01 00:00:00,
333,1997-05-07 00:00:00,1955-04-01 00:00:00,411.3
334,1999-10-28 00:00:00,1955-04-01 00:00:00,
335,2000-04-27 00:00:00,1955-04-01 00:00:00,411.4
336,2003-12-10 00:00:00,1955-04-01 00:00:00,410.9
337,2013-07-31 00:00:00,1955-04-01 00:00:00,422.2
338,2017-10-27 00:00:00,1955-04-01 00:00:00,422.226
339,2018-07-27 00:00:00,1955-04-01 00:00:00,421.532
340,1992-12-22 00:00:00,1955-07-01 00:00:00,408.9
341,1996-01-19 00:00:00,1955-07-01 00:00:00,
342,1997-05-07 00:00:00,1955-07-01 00:00:00,419.8
343,1999-10-28 00:00:00,1955-07-01 00:00:00,
344,2000-04-27 00:00:00,1955-07-01 00:00:00,419.9
345,2003-12-10 00:00:00,1955-07-01 00:00:00,419.5
346,2009-07-31 00:00:00,1955-07-01 00:00:00,419.4
347,2013-07-31 00:00:00,1955-07-01 00:00:00,430.9
348,2017-10-27 00:00:00,1955-07-01 00:00:00,430.925
349,2018-07-27 00:00:00,1955-07-01 00:00:00,430.221
350,1992-12-22 00:00:00,1955-10-01 00:00:00,415.2
351,1996-01-19 00:00:00,1955-10-01 00:00:00,
352,1997-05-07 00:00:00,1955-10-01 00:00:00,426.4
353,1999-10-28 00:00:00,1955-10-01 00:00:00,
354,2000-04-27 00:00:00,1955-10-01 00:00:00,426.4
355,2003-12-10 00:00:00,1955-10-01 00:00:00,426.0
356,2013-07-31 00:00:00,1955-10-01 00:00:00,437.8
357,2017-10-27 00:00:00,1955-10-01 00:00:00,437.787
358,2018-07-27 00:00:00,1955-10-01 00:00:00,437.092
359,1992-12-22 00:00:00,1956-01-01 00:00:00,417.6
360,1996-01-19 00:00:00,1956-01-01 00:00:00,
361,1997-05-07 00:00:00,1956-01-01 00:00:00,429.0
362,1999-10-28 00:00:00,1956-01-01 00:00:00,
363,2000-04-27 00:00:00,1956-01-01 00:00:00,428.8
364,2003-12-10 00:00:00,1956-01-01 00:00:00,428.3
365,2013-07-31 00:00:00,1956-01-01 00:00:00,440.5
366,2017-10-27 00:00:00,1956-01-01 00:00:00,440.491
367,2018-07-27 00:00:00,1956-01-01 00:00:00,439.746
368,1992-12-22 00:00:00,1956-04-01 00:00:00,423.1
369,1996-01-19 00:00:00,1956-04-01 00:00:00,
370,1997-05-07 00:00:00,1956-04-01 00:00:00,434.7
371,1999-10-28 00:00:00,1956-04-01 00:00:00,
372,2000-04-27 00:00:00,1956-04-01 00:00:00,434.7
373,2003-12-10 00:00:00,1956-04-01 00:00:00,434.2
374,2013-07-31 00:00:00,1956-04-01 00:00:00,446.8
375,2017-10-27 00:00:00,1956-04-01 00:00:00,446.771
376,2018-07-27 00:00:00,1956-04-01 00:00:00,446.01
377,1992-12-22 00:00:00,1956-07-01 00:00:00,427.8
378,1996-01-19 00:00:00,1956-07-01 00:00:00,
379,1997-05-07 00:00:00,1956-07-01 00:00:00,439.6
380,1999-10-28 00:00:00,1956-07-01 00:00:00,
381,2000-04-27 00:00:00,1956-07-01 00:00:00,439.7
382,2003-12-10 00:00:00,1956-07-01 00:00:00,439.3
383,2009-07-31 00:00:00,1956-07-01 00:00:00,439.2
384,2013-07-31 00:00:00,1956-07-01 00:00:00,452.0
385,2017-10-27 00:00:00,1956-07-01 00:00:00,451.983
386,2018-07-27 00:00:00,1956-07-01 00:00:00,451.191
387,1992-12-22 00:00:00,1956-10-01 00:00:00,436.5
388,1996-01-19 00:00:00,1956-10-01 00:00:00,
389,1997-05-07 00:00:00,1956-10-01 00:00:00,448.5
390,1999-10-28 00:00:00,1956-10-01 00:00:00,
391,2000-04-27 00:00:00,1956-10-01 00:00:00,448.6
392,2003-12-10 00:00:00,1956-10-01 00:00:00,448.1
393,2013-07-31 00:00:00,1956-10-01 00:00:00,461.3
394,2017-10-27 00:00:00,1956-10-01 00:00:00,461.278
395,2018-07-27 00:00:00,1956-10-01 00:00:00,460.463
396,1992-12-22 00:00:00,1957-01-01 00:00:00,444.9
397,1996-01-19 00:00:00,1957-01-01 00:00:00,
398,1997-05-07 00:00:00,1957-01-01 00:00:00,457.2
399,1999-10-28 00:00:00,1957-01-01 00:00:00,
400,2000-04-27 00:00:00,1957-01-01 00:00:00,457.6
401,2003-12-10 00:00:00,1957-01-01 00:00:00,457.2
402,2013-07-31 00:00:00,1957-01-01 00:00:00,470.6
403,2017-10-27 00:00:00,1957-01-01 00:00:00,470.578
404,2018-07-27 00:00:00,1957-01-01 00:00:00,469.779
405,1992-12-22 00:00:00,1957-04-01 00:00:00,446.6
406,1996-01-19 00:00:00,1957-04-01 00:00:00,
407,1997-05-07 00:00:00,1957-04-01 00:00:00,459.0
408,1999-10-28 00:00:00,1957-04-01 00:00:00,
409,2000-04-27 00:00:00,1957-04-01 00:00:00,459.6
410,2003-12-10 00:00:00,1957-04-01 00:00:00,459.2
411,2013-07-31 00:00:00,1957-04-01 00:00:00,472.8
412,2017-10-27 00:00:00,1957-04-01 00:00:00,472.835
413,2018-07-27 00:00:00,1957-04-01 00:00:00,472.025
414,1992-12-22 00:00:00,1957-07-01 00:00:00,453.9
415,1996-01-19 00:00:00,1957-07-01 00:00:00,
416,1997-05-07 00:00:00,1957-07-01 00:00:00,466.4
417,1999-10-28 00:00:00,1957-07-01 00:00:00,
418,2000-04-27 00:00:00,1957-07-01 00:00:00,466.8
419,2003-12-10 00:00:00,1957-07-01 00:00:00,466.4
420,2013-07-31 00:00:00,1957-07-01 00:00:00,480.3
421,2017-10-27 00:00:00,1957-07-01 00:00:00,480.315
422,2018-07-27 00:00:00,1957-07-01 00:00:00,479.49
423,1992-12-22 00:00:00,1957-10-01 00:00:00,449.0
424,1996-01-19 00:00:00,1957-10-01 00:00:00,
425,1997-05-07 00:00:00,1957-10-01 00:00:00,461.6
426,1999-10-28 00:00:00,1957-10-01 00:00:00,
427,2000-04-27 00:00:00,1957-10-01 00:00:00,462.0
428,2003-12-10 00:00:00,1957-10-01 00:00:00,461.5
429,2013-07-31 00:00:00,1957-10-01 00:00:00,475.7
430,2017-10-27 00:00:00,1957-10-01 00:00:00,475.681
431,2018-07-27 00:00:00,1957-10-01 00:00:00,474.864
432,1992-12-22 00:00:00,1958-01-01 00:00:00,441.6
433,1996-01-19 00:00:00,1958-01-01 00:00:00,
434,1997-05-07 00:00:00,1958-01-01 00:00:00,454.0
435,1999-10-28 00:00:00,1958-01-01 00:00:00,
436,2000-04-27 00:00:00,1958-01-01 00:00:00,454.6
437,2003-12-10 00:00:00,1958-01-01 00:00:00,454.0
438,2009-07-31 00:00:00,1958-01-01 00:00:00,453.9
439,2013-07-31 00:00:00,1958-01-01 00:00:00,468.4
440,2017-10-27 00:00:00,1958-01-01 00:00:00,468.353
441,2018-07-27 00:00:00,1958-01-01 00:00:00,467.54
442,1992-12-22 00:00:00,1958-04-01 00:00:00,445.8
443,1996-01-19 00:00:00,1958-04-01 00:00:00,
444,1997-05-07 00:00:00,1958-04-01 00:00:00,458.3
445,1999-10-28 00:00:00,1958-04-01 00:00:00,
446,2000-04-27 00:00:00,1958-04-01 00:00:00,458.9
447,2003-12-10 00:00:00,1958-04-01 00:00:00,458.1
448,2009-07-31 00:00:00,1958-04-01 00:00:00,458.0
449,2013-07-31 00:00:00,1958-04-01 00:00:00,472.8
450,2017-10-27 00:00:00,1958-04-01 00:00:00,472.786
451,2018-07-27 00:00:00,1958-04-01 00:00:00,471.978
452,1992-12-22 00:00:00,1958-07-01 00:00:00,459.1
453,1996-01-19 00:00:00,1958-07-01 00:00:00,
454,1997-05-07 00:00:00,1958-07-01 00:00:00,471.8
455,1999-10-28 00:00:00,1958-07-01 00:00:00,
456,2000-04-27 00:00:00,1958-07-01 00:00:00,472.4
457,2003-12-10 00:00:00,1958-07-01 00:00:00,471.7
458,2013-07-31 00:00:00,1958-07-01 00:00:00,486.7
459,2017-10-27 00:00:00,1958-07-01 00:00:00,486.653
460,2018-07-27 00:00:00,1958-07-01 00:00:00,485.841
461,1992-12-22 00:00:00,1958-10-01 00:00:00,472.3
462,1996-01-19 00:00:00,1958-10-01 00:00:00,
463,1997-05-07 00:00:00,1958-10-01 00:00:00,485.2
464,1999-10-28 00:00:00,1958-10-01 00:00:00,
465,2000-04-27 00:00:00,1958-10-01 00:00:00,485.8
466,2003-12-10 00:00:00,1958-10-01 00:00:00,485.0
467,2013-07-31 00:00:00,1958-10-01 00:00:00,500.4
468,2017-10-27 00:00:00,1958-10-01 00:00:00,500.38
469,2018-07-27 00:00:00,1958-10-01 00:00:00,499.555
470,1991-12-04 00:00:00,1959-01-01 00:00:00,483.5
471,1996-01-19 00:00:00,1959-01-01 00:00:00,496.3
472,1999-10-28 00:00:00,1959-01-01 00:00:00,
473,1999-10-29 00:00:00,1959-01-01 00:00:00,496.1
474,2003-12-10 00:00:00,1959-01-01 00:00:00,495.4
475,2009-07-31 00:00:00,1959-01-01 00:00:00,495.5
476,2013-07-31 00:00:00,1959-01-01 00:00:00,511.1
477,2017-10-27 00:00:00,1959-01-01 00:00:00,511.063
478,2018-07-27 00:00:00,1959-01-01 00:00:00,510.33
479,1991-12-04 00:00:00,1959-04-01 00:00:00,496.2
480,1996-01-19 00:00:00,1959-04-01 00:00:00,509.3
481,1999-10-28 00:00:00,1959-04-01 00:00:00,
482,1999-10-29 00:00:00,1959-04-01 00:00:00,509.2
483,2003-12-10 00:00:00,1959-04-01 00:00:00,508.4
484,2009-07-31 00:00:00,1959-04-01 00:00:00,508.5
485,2013-07-31 00:00:00,1959-04-01 00:00:00,524.2
486,2017-10-27 00:00:00,1959-04-01 00:00:00,524.241
487,2018-07-27 00:00:00,1959-04-01 00:00:00,522.653
488,1991-12-04 00:00:00,1959-07-01 00:00:00,496.4
489,1996-01-19 00:00:00,1959-07-01 00:00:00,509.6
490,1999-10-28 00:00:00,1959-07-01 00:00:00,
491,1999-10-29 00:00:00,1959-07-01 00:00:00,510.2
492,2003-12-10 00:00:00,1959-07-01 00:00:00,509.3
493,2013-07-31 00:00:00,1959-07-01 00:00:00,525.2
494,2017-10-27 00:00:00,1959-07-01 00:00:00,525.196
495,2018-07-27 00:00:00,1959-07-01 00:00:00,525.034
496,1991-12-04 00:00:00,1959-10-01 00:00:00,500.5
497,1996-01-19 00:00:00,1959-10-01 00:00:00,513.8
498,1999-10-28 00:00:00,1959-10-01 00:00:00,
499,1999-10-29 00:00:00,1959-10-01 00:00:00,514.2
500,2003-12-10 00:00:00,1959-10-01 00:00:00,513.2
501,2013-07-31 00:00:00,1959-10-01 00:00:00,529.3
502,2017-10-27 00:00:00,1959-10-01 00:00:00,529.322
503,2018-07-27 00:00:00,1959-10-01 00:00:00,528.6
504,1991-12-04 00:00:00,1960-01-01 00:00:00,514.0
505,1996-01-19 00:00:00,1960-01-01 00:00:00,527.3
506,1999-10-28 00:00:00,1960-01-01 00:00:00,
507,1999-10-29 00:00:00,1960-01-01 00:00:00,527.9
508,2003-12-10 00:00:00,1960-01-01 00:00:00,526.9
509,2009-07-31 00:00:00,1960-01-01 00:00:00,527.0
510,2013-07-31 00:00:00,1960-01-01 00:00:00,543.3
511,2017-10-27 00:00:00,1960-01-01 00:00:00,543.347
512,2018-07-27 00:00:00,1960-01-01 00:00:00,542.648
513,1991-12-04 00:00:00,1960-04-01 00:00:00,512.9
514,1996-01-19 00:00:00,1960-04-01 00:00:00,526.1
515,1999-10-28 00:00:00,1960-04-01 00:00:00,
516,1999-10-29 00:00:00,1960-04-01 00:00:00,527.1
517,2003-12-10 00:00:00,1960-04-01 00:00:00,526.1
518,2009-07-31 00:00:00,1960-04-01 00:00:00,526.2
519,2013-07-31 00:00:00,1960-04-01 00:00:00,542.7
520,2017-10-27 00:00:00,1960-04-01 00:00:00,542.697
521,2018-07-27 00:00:00,1960-04-01 00:00:00,541.08
522,1991-12-04 00:00:00,1960-07-01 00:00:00,515.8
523,1996-01-19 00:00:00,1960-07-01 00:00:00,529.0
524,1999-10-28 00:00:00,1960-07-01 00:00:00,
525,1999-10-29 00:00:00,1960-07-01 00:00:00,529.9
526,2003-12-10 00:00:00,1960-07-01 00:00:00,528.9
527,2009-07-31 00:00:00,1960-07-01 00:00:00,529.0
528,2013-07-31 00:00:00,1960-07-01 00:00:00,546.0
529,2017-10-27 00:00:00,1960-07-01 00:00:00,546.012
530,2018-07-27 00:00:00,1960-07-01 00:00:00,545.604
531,1991-12-04 00:00:00,1960-10-01 00:00:00,510.8
532,1996-01-19 00:00:00,1960-10-01 00:00:00,523.9
533,1999-10-28 00:00:00,1960-10-01 00:00:00,
534,1999-10-29 00:00:00,1960-10-01 00:00:00,524.6
535,2003-12-10 00:00:00,1960-10-01 00:00:00,523.6
536,2009-07-31 00:00:00,1960-10-01 00:00:00,523.7
537,2013-07-31 00:00:00,1960-10-01 00:00:00,541.1
538,2017-10-27 00:00:00,1960-10-01 00:00:00,541.063
539,2018-07-27 00:00:00,1960-10-01 00:00:00,540.197
540,1991-12-04 00:00:00,1961-01-01 00:00:00,515.1
541,1996-01-19 00:00:00,1961-01-01 00:00:00,528.1
542,1999-10-28 00:00:00,1961-01-01 00:00:00,
543,1999-10-29 00:00:00,1961-01-01 00:00:00,528.9
544,2003-12-10 00:00:00,1961-01-01 00:00:00,527.9
545,2009-07-31 00:00:00,1961-01-01 00:00:00,528.0
546,2013-07-31 00:00:00,1961-01-01 00:00:00,545.9
547,2017-10-27 00:00:00,1961-01-01 00:00:00,545.949
548,2018-07-27 00:00:00,1961-01-01 00:00:00,545.018
549,1991-12-04 00:00:00,1961-04-01 00:00:00,525.9
550,1996-01-19 00:00:00,1961-04-01 00:00:00,538.9
551,1999-10-28 00:00:00,1961-04-01 00:00:00,
552,1999-10-29 00:00:00,1961-04-01 00:00:00,539.9
553,2003-12-10 00:00:00,1961-04-01 00:00:00,539.0
554,2013-07-31 00:00:00,1961-04-01 00:00:00,557.4
555,2017-10-27 00:00:00,1961-04-01 00:00:00,557.43
556,2018-07-27 00:00:00,1961-04-01 00:00:00,555.545
557,1991-12-04 00:00:00,1961-07-01 00:00:00,536.6
558,1996-01-19 00:00:00,1961-07-01 00:00:00,549.6
559,1999-10-28 00:00:00,1961-07-01 00:00:00,
560,1999-10-29 00:00:00,1961-07-01 00:00:00,550.3
561,2003-12-10 00:00:00,1961-07-01 00:00:00,549.4
562,2009-07-31 00:00:00,1961-07-01 00:00:00,549.5
563,2013-07-31 00:00:00,1961-07-01 00:00:00,568.2
564,2017-10-27 00:00:00,1961-07-01 00:00:00,568.228
565,2018-07-27 00:00:00,1961-07-01 00:00:00,567.664
566,1991-12-04 00:00:00,1961-10-01 00:00:00,549.5
567,1996-01-19 00:00:00,1961-10-01 00:00:00,562.6
568,1999-10-28 00:00:00,1961-10-01 00:00:00,
569,1999-10-29 00:00:00,1961-10-01 00:00:00,563.4
570,2003-12-10 00:00:00,1961-10-01 00:00:00,562.5
571,2009-07-31 00:00:00,1961-10-01 00:00:00,562.6
572,2013-07-31 00:00:00,1961-10-01 00:00:00,581.6
573,2017-10-27 00:00:00,1961-10-01 00:00:00,581.624
574,2018-07-27 00:00:00,1961-10-01 00:00:00,580.612
575,1991-12-04 00:00:00,1962-01-01 00:00:00,561.9
576,1996-01-19 00:00:00,1962-01-01 00:00:00,575.3
577,1999-10-28 00:00:00,1962-01-01 00:00:00,
578,1999-10-29 00:00:00,1962-01-01 00:00:00,576.8
579,2003-12-10 00:00:00,1962-01-01 00:00:00,576.0
580,2009-07-31 00:00:00,1962-01-01 00:00:00,576.1
581,2013-07-31 00:00:00,1962-01-01 00:00:00,595.2
582,2017-10-27 00:00:00,1962-01-01 00:00:00,595.176
583,2018-07-27 00:00:00,1962-01-01 00:00:00,594.013
584,1991-12-04 00:00:00,1962-04-01 00:00:00,569.4
585,1996-01-19 00:00:00,1962-04-01 00:00:00,582.8
586,1999-10-28 00:00:00,1962-04-01 00:00:00,
587,1999-10-29 00:00:00,1962-04-01 00:00:00,583.9
588,2003-12-10 00:00:00,1962-04-01 00:00:00,583.2
589,2013-07-31 00:00:00,1962-04-01 00:00:00,602.6
590,2017-10-27 00:00:00,1962-04-01 00:00:00,602.58
591,2018-07-27 00:00:00,1962-04-01 00:00:00,600.366
592,1991-12-04 00:00:00,1962-07-01 00:00:00,576.2
593,1996-01-19 00:00:00,1962-07-01 00:00:00,589.9
594,1999-10-28 00:00:00,1962-07-01 00:00:00,
595,1999-10-29 00:00:00,1962-07-01 00:00:00,591.0
596,2003-12-10 00:00:00,1962-07-01 00:00:00,590.0
597,2013-07-31 00:00:00,1962-07-01 00:00:00,609.6
598,2017-10-27 00:00:00,1962-07-01 00:00:00,609.575
599,2018-07-27 00:00:00,1962-07-01 00:00:00,609.027
600,1991-12-04 00:00:00,1962-10-01 00:00:00,578.9
601,1996-01-19 00:00:00,1962-10-01 00:00:00,592.9
602,1999-10-28 00:00:00,1962-10-01 00:00:00,
603,1999-10-29 00:00:00,1962-10-01 00:00:00,594.4
604,2003-12-10 00:00:00,1962-10-01 00:00:00,593.3
605,2013-07-31 00:00:00,1962-10-01 00:00:00,613.1
606,2017-10-27 00:00:00,1962-10-01 00:00:00,613.132
607,2018-07-27 00:00:00,1962-10-01 00:00:00,612.28
608,1991-12-04 00:00:00,1963-01-01 00:00:00,588.1
609,1996-01-19 00:00:00,1963-01-01 00:00:00,602.2
610,1999-10-28 00:00:00,1963-01-01 00:00:00,
611,1999-10-29 00:00:00,1963-01-01 00:00:00,603.4
612,2003-12-10 00:00:00,1963-01-01 00:00:00,602.4
613,2009-07-31 00:00:00,1963-01-01 00:00:00,602.5
614,2013-07-31 00:00:00,1963-01-01 00:00:00,622.7
615,2017-10-27 00:00:00,1963-01-01 00:00:00,622.679
616,2018-07-27 00:00:00,1963-01-01 00:00:00,621.672
617,1991-12-04 00:00:00,1963-04-01 00:00:00,596.7
618,1996-01-19 00:00:00,1963-04-01 00:00:00,610.9
619,1999-10-28 00:00:00,1963-04-01 00:00:00,
620,1999-10-29 00:00:00,1963-04-01 00:00:00,612.1
621,2003-12-10 00:00:00,1963-04-01 00:00:00,611.2
622,2013-07-31 00:00:00,1963-04-01 00:00:00,631.8
623,2017-10-27 00:00:00,1963-04-01 00:00:00,631.835
624,2018-07-27 00:00:00,1963-04-01 00:00:00,629.752
625,1991-12-04 00:00:00,1963-07-01 00:00:00,609.4
626,1996-01-19 00:00:00,1963-07-01 00:00:00,623.7
627,1999-10-28 00:00:00,1963-07-01 00:00:00,
628,1999-10-29 00:00:00,1963-07-01 00:00:00,624.9
629,2003-12-10 00:00:00,1963-07-01 00:00:00,623.9
630,2013-07-31 00:00:00,1963-07-01 00:00:00,645.0
631,2017-10-27 00:00:00,1963-07-01 00:00:00,644.96
632,2018-07-27 00:00:00,1963-07-01 00:00:00,644.444
633,1991-12-04 00:00:00,1963-10-01 00:00:00,618.3
634,1996-01-19 00:00:00,1963-10-01 00:00:00,632.8
635,1999-10-28 00:00:00,1963-10-01 00:00:00,
636,1999-10-29 00:00:00,1963-10-01 00:00:00,634.3
637,2003-12-10 00:00:00,1963-10-01 00:00:00,633.5
638,2013-07-31 00:00:00,1963-10-01 00:00:00,654.8
639,2017-10-27 00:00:00,1963-10-01 00:00:00,654.84
640,2018-07-27 00:00:00,1963-10-01 00:00:00,653.938
641,1991-12-04 00:00:00,1964-01-01 00:00:00,634.8
642,1996-01-19 00:00:00,1964-01-01 00:00:00,649.4
643,1999-10-28 00:00:00,1964-01-01 00:00:00,
644,1999-10-29 00:00:00,1964-01-01 00:00:00,650.4
645,2003-12-10 00:00:00,1964-01-01 00:00:00,649.6
646,2013-07-31 00:00:00,1964-01-01 00:00:00,671.2
647,2014-07-30 00:00:00,1964-01-01 00:00:00,671.1
648,2017-10-27 00:00:00,1964-01-01 00:00:00,671.149
649,2018-07-27 00:00:00,1964-01-01 00:00:00,669.822
650,1991-12-04 00:00:00,1964-04-01 00:00:00,643.6
651,1996-01-19 00:00:00,1964-04-01 00:00:00,658.4
652,1999-10-28 00:00:00,1964-04-01 00:00:00,
653,1999-10-29 00:00:00,1964-04-01 00:00:00,659.6
654,2003-12-10 00:00:00,1964-04-01 00:00:00,658.8
655,2009-07-31 00:00:00,1964-04-01 00:00:00,658.9
656,2013-07-31 00:00:00,1964-04-01 00:00:00,680.8
657,2017-10-27 00:00:00,1964-04-01 00:00:00,680.757
658,2018-07-27 00:00:00,1964-04-01 00:00:00,678.674
659,1991-12-04 00:00:00,1964-07-01 00:00:00,654.1
660,1996-01-19 00:00:00,1964-07-01 00:00:00,669.2
661,1999-10-28 00:00:00,1964-07-01 00:00:00,
662,1999-10-29 00:00:00,1964-07-01 00:00:00,671.2
663,2003-12-10 00:00:00,1964-07-01 00:00:00,670.5
664,2013-07-31 00:00:00,1964-07-01 00:00:00,692.8
665,2017-10-27 00:00:00,1964-07-01 00:00:00,692.807
666,2018-07-27 00:00:00,1964-07-01 00:00:00,692.031
667,1991-12-04 00:00:00,1964-10-01 00:00:00,659.7
668,1996-01-19 00:00:00,1964-10-01 00:00:00,675.1
669,1999-10-28 00:00:00,1964-10-01 00:00:00,
670,1999-10-29 00:00:00,1964-10-01 00:00:00,676.3
671,2003-12-10 00:00:00,1964-10-01 00:00:00,675.6
672,2013-07-31 00:00:00,1964-10-01 00:00:00,698.4
673,2017-10-27 00:00:00,1964-10-01 00:00:00,698.424
674,2018-07-27 00:00:00,1964-10-01 00:00:00,697.319
675,1991-12-04 00:00:00,1965-01-01 00:00:00,679.8
676,1996-01-19 00:00:00,1965-01-01 00:00:00,695.6
677,1999-10-28 00:00:00,1965-01-01 00:00:00,
678,1999-10-29 00:00:00,1965-01-01 00:00:00,696.5
679,2003-12-10 00:00:00,1965-01-01 00:00:00,695.7
680,2013-07-31 00:00:00,1965-01-01 00:00:00,719.2
681,2017-10-27 00:00:00,1965-01-01 00:00:00,719.248
682,2018-07-27 00:00:00,1965-01-01 00:00:00,717.79
683,1991-12-04 00:00:00,1965-04-01 00:00:00,691.9
684,1996-01-19 00:00:00,1965-04-01 00:00:00,708.2
685,1999-10-28 00:00:00,1965-04-01 00:00:00,
686,1999-10-29 00:00:00,1965-04-01 00:00:00,709.0
687,2003-12-10 00:00:00,1965-04-01 00:00:00,708.1
688,2013-07-31 00:00:00,1965-04-01 00:00:00,732.4
689,2017-10-27 00:00:00,1965-04-01 00:00:00,732.369
690,2018-07-27 00:00:00,1965-04-01 00:00:00,730.191
691,1991-12-04 00:00:00,1965-07-01 00:00:00,708.3
692,1996-01-19 00:00:00,1965-07-01 00:00:00,725.0
693,1999-10-28 00:00:00,1965-07-01 00:00:00,
694,1999-10-29 00:00:00,1965-07-01 00:00:00,726.2
695,2003-12-10 00:00:00,1965-07-01 00:00:00,725.2
696,2013-07-31 00:00:00,1965-07-01 00:00:00,750.2
697,2017-10-27 00:00:00,1965-07-01 00:00:00,750.184
698,2018-07-27 00:00:00,1965-07-01 00:00:00,749.323
699,1991-12-04 00:00:00,1965-10-01 00:00:00,730.7
700,1996-01-19 00:00:00,1965-10-01 00:00:00,747.7
701,1999-10-28 00:00:00,1965-10-01 00:00:00,
702,1999-10-29 00:00:00,1965-10-01 00:00:00,748.7
703,2003-12-10 00:00:00,1965-10-01 00:00:00,747.5
704,2013-07-31 00:00:00,1965-10-01 00:00:00,773.1
705,2017-10-27 00:00:00,1965-10-01 00:00:00,773.104
706,2018-07-27 00:00:00,1965-10-01 00:00:00,771.857
707,1991-12-04 00:00:00,1966-01-01 00:00:00,753.1
708,1996-01-19 00:00:00,1966-01-01 00:00:00,770.5
709,1999-10-28 00:00:00,1966-01-01 00:00:00,
710,1999-10-29 00:00:00,1966-01-01 00:00:00,772.3
711,2003-12-10 00:00:00,1966-01-01 00:00:00,770.8
712,2013-07-31 00:00:00,1966-01-01 00:00:00,797.3
713,2017-10-27 00:00:00,1966-01-01 00:00:00,797.328
714,2018-07-27 00:00:00,1966-01-01 00:00:00,795.734
715,1991-12-04 00:00:00,1966-04-01 00:00:00,762.2
716,1996-01-19 00:00:00,1966-04-01 00:00:00,780.0
717,1999-10-28 00:00:00,1966-04-01 00:00:00,
718,1999-10-29 00:00:00,1966-04-01 00:00:00,781.5
719,2003-12-10 00:00:00,1966-04-01 00:00:00,779.9
720,2013-07-31 00:00:00,1966-04-01 00:00:00,807.2
721,2017-10-27 00:00:00,1966-04-01 00:00:00,807.153
722,2018-07-27 00:00:00,1966-04-01 00:00:00,804.981
723,1991-12-04 00:00:00,1966-07-01 00:00:00,775.3
724,1996-01-19 00:00:00,1966-07-01 00:00:00,793.6
725,1999-10-28 00:00:00,1966-07-01 00:00:00,
726,1999-10-29 00:00:00,1966-07-01 00:00:00,794.8
727,2003-12-10 00:00:00,1966-07-01 00:00:00,793.4
728,2009-07-31 00:00:00,1966-07-01 00:00:00,793.1
729,2013-07-31 00:00:00,1966-07-01 00:00:00,820.8
730,2017-10-27 00:00:00,1966-07-01 00:00:00,820.798
731,2018-07-27 00:00:00,1966-07-01 00:00:00,819.638
732,1991-12-04 00:00:00,1966-10-01 00:00:00,788.5
733,1996-01-19 00:00:00,1966-10-01 00:00:00,807.1
734,1999-10-28 00:00:00,1966-10-01 00:00:00,
735,1999-10-29 00:00:00,1966-10-01 00:00:00,808.6
736,2003-12-10 00:00:00,1966-10-01 00:00:00,807.1
737,2009-07-31 00:00:00,1966-10-01 00:00:00,806.9
738,2013-07-31 00:00:00,1966-10-01 00:00:00,834.9
739,2017-10-27 00:00:00,1966-10-01 00:00:00,834.864
740,2018-07-27 00:00:00,1966-10-01 00:00:00,833.302
741,1991-12-04 00:00:00,1967-01-01 00:00:00,797.7
742,1996-01-19 00:00:00,1967-01-01 00:00:00,816.9
743,1997-05-07 00:00:00,1967-01-01 00:00:00,817.5
744,1999-10-28 00:00:00,1967-01-01 00:00:00,
745,1999-10-29 00:00:00,1967-01-01 00:00:00,819.3
746,2003-12-10 00:00:00,1967-01-01 00:00:00,817.9
747,2009-07-31 00:00:00,1967-01-01 00:00:00,817.8
748,2013-07-31 00:00:00,1967-01-01 00:00:00,846.0
749,2017-10-27 00:00:00,1967-01-01 00:00:00,846.046
750,2018-07-27 00:00:00,1967-01-01 00:00:00,844.17
751,1991-12-04 00:00:00,1967-04-01 00:00:00,803.8
752,1996-01-19 00:00:00,1967-04-01 00:00:00,823.0
753,1997-05-07 00:00:00,1967-04-01 00:00:00,823.3
754,1999-10-28 00:00:00,1967-04-01 00:00:00,
755,1999-10-29 00:00:00,1967-04-01 00:00:00,823.9
756,2003-12-10 00:00:00,1967-04-01 00:00:00,822.5
757,2009-07-31 00:00:00,1967-04-01 00:00:00,822.3
758,2013-07-31 00:00:00,1967-04-01 00:00:00,851.1
759,2017-10-27 00:00:00,1967-04-01 00:00:00,851.058
760,2018-07-27 00:00:00,1967-04-01 00:00:00,848.983
761,1991-12-04 00:00:00,1967-07-01 00:00:00,820.5
762,1996-01-19 00:00:00,1967-07-01 00:00:00,838.9
763,1999-10-28 00:00:00,1967-07-01 00:00:00,
764,1999-10-29 00:00:00,1967-07-01 00:00:00,838.7
765,2003-12-10 00:00:00,1967-07-01 00:00:00,837.1
766,2009-07-31 00:00:00,1967-07-01 00:00:00,837.0
767,2013-07-31 00:00:00,1967-07-01 00:00:00,866.6
768,2017-10-27 00:00:00,1967-07-01 00:00:00,866.614
769,2018-07-27 00:00:00,1967-07-01 00:00:00,865.233
770,1991-12-04 00:00:00,1967-10-01 00:00:00,835.3
771,1996-01-19 00:00:00,1967-10-01 00:00:00,855.6
772,1997-05-07 00:00:00,1967-10-01 00:00:00,854.7
773,1999-10-28 00:00:00,1967-10-01 00:00:00,
774,1999-10-29 00:00:00,1967-10-01 00:00:00,854.4
775,2003-12-10 00:00:00,1967-10-01 00:00:00,852.8
776,2009-07-31 00:00:00,1967-10-01 00:00:00,852.7
777,2013-07-31 00:00:00,1967-10-01 00:00:00,883.2
778,2017-10-27 00:00:00,1967-10-01 00:00:00,883.201
779,2018-07-27 00:00:00,1967-10-01 00:00:00,881.439
780,1991-12-04 00:00:00,1968-01-01 00:00:00,859.6
781,1996-01-19 00:00:00,1968-01-01 00:00:00,880.6
782,1997-05-07 00:00:00,1968-01-01 00:00:00,880.5
783,1999-10-28 00:00:00,1968-01-01 00:00:00,
784,1999-10-29 00:00:00,1968-01-01 00:00:00,881.4
785,2003-12-10 00:00:00,1968-01-01 00:00:00,879.9
786,2009-07-31 00:00:00,1968-01-01 00:00:00,879.8
787,2013-07-31 00:00:00,1968-01-01 00:00:00,911.1
788,2017-10-27 00:00:00,1968-01-01 00:00:00,911.135
789,2018-07-27 00:00:00,1968-01-01 00:00:00,909.387
790,1991-12-04 00:00:00,1968-04-01 00:00:00,883.7
791,1996-01-19 00:00:00,1968-04-01 00:00:00,904.7
792,1997-05-07 00:00:00,1968-04-01 00:00:00,904.9
793,1999-10-28 00:00:00,1968-04-01 00:00:00,
794,1999-10-29 00:00:00,1968-04-01 00:00:00,905.7
795,2003-12-10 00:00:00,1968-04-01 00:00:00,904.2
796,2009-07-31 00:00:00,1968-04-01 00:00:00,904.1
797,2013-07-31 00:00:00,1968-04-01 00:00:00,936.3
798,2017-10-27 00:00:00,1968-04-01 00:00:00,936.297
799,2018-07-27 00:00:00,1968-04-01 00:00:00,934.344
800,1991-12-04 00:00:00,1968-07-01 00:00:00,900.3
801,1996-01-19 00:00:00,1968-07-01 00:00:00,919.7
802,1997-05-07 00:00:00,1968-07-01 00:00:00,920.1
803,1999-10-28 00:00:00,1968-07-01 00:00:00,
804,1999-10-29 00:00:00,1968-07-01 00:00:00,920.9
805,2003-12-10 00:00:00,1968-07-01 00:00:00,919.4
806,2009-07-31 00:00:00,1968-07-01 00:00:00,919.3
807,2013-07-31 00:00:00,1968-07-01 00:00:00,952.3
808,2017-10-27 00:00:00,1968-07-01 00:00:00,952.347
809,2018-07-27 00:00:00,1968-07-01 00:00:00,950.825
810,1991-12-04 00:00:00,1968-10-01 00:00:00,913.7
811,1996-01-19 00:00:00,1968-10-01 00:00:00,937.3
812,1997-05-07 00:00:00,1968-10-01 00:00:00,936.8
813,1999-10-28 00:00:00,1968-10-01 00:00:00,
814,1999-10-29 00:00:00,1968-10-01 00:00:00,937.8
815,2003-12-10 00:00:00,1968-10-01 00:00:00,936.3
816,2009-07-31 00:00:00,1968-10-01 00:00:00,936.2
817,2013-07-31 00:00:00,1968-10-01 00:00:00,970.1
818,2017-10-27 00:00:00,1968-10-01 00:00:00,970.129
819,2018-07-27 00:00:00,1968-10-01 00:00:00,968.03
820,1991-12-04 00:00:00,1969-01-01 00:00:00,937.3
821,1996-01-19 00:00:00,1969-01-01 00:00:00,959.9
822,1997-05-07 00:00:00,1969-01-01 00:00:00,960.0
823,1999-10-28 00:00:00,1969-01-01 00:00:00,
824,1999-10-29 00:00:00,1969-01-01 00:00:00,961.9
825,2003-12-10 00:00:00,1969-01-01 00:00:00,961.0
826,2009-07-31 00:00:00,1969-01-01 00:00:00,960.9
827,2013-07-31 00:00:00,1969-01-01 00:00:00,995.4
828,2017-10-27 00:00:00,1969-01-01 00:00:00,995.419
829,2018-07-27 00:00:00,1969-01-01 00:00:00,993.337
830,1991-12-04 00:00:00,1969-04-01 00:00:00,951.1
831,1996-01-19 00:00:00,1969-04-01 00:00:00,973.7
832,1997-05-07 00:00:00,1969-04-01 00:00:00,974.1
833,1999-10-28 00:00:00,1969-04-01 00:00:00,
834,1999-10-29 00:00:00,1969-04-01 00:00:00,977.0
835,2003-12-10 00:00:00,1969-04-01 00:00:00,976.3
836,2009-07-31 00:00:00,1969-04-01 00:00:00,976.1
837,2013-07-31 00:00:00,1969-04-01 00:00:00,1011.4
838,2017-10-27 00:00:00,1969-04-01 00:00:00,1011.361
839,2018-07-27 00:00:00,1969-04-01 00:00:00,1009.02
840,1991-12-04 00:00:00,1969-07-01 00:00:00,970.7
841,1996-01-19 00:00:00,1969-07-01 00:00:00,993.3
842,1997-05-07 00:00:00,1969-07-01 00:00:00,993.6
843,1999-10-28 00:00:00,1969-07-01 00:00:00,
844,1999-10-29 00:00:00,1969-07-01 00:00:00,997.2
845,2003-12-10 00:00:00,1969-07-01 00:00:00,996.5
846,2009-07-31 00:00:00,1969-07-01 00:00:00,996.3
847,2013-07-31 00:00:00,1969-07-01 00:00:00,1032.0
848,2017-10-27 00:00:00,1969-07-01 00:00:00,1032.016
849,2018-07-27 00:00:00,1969-07-01 00:00:00,1029.956
850,1991-12-04 00:00:00,1969-10-01 00:00:00,978.8
851,1996-01-19 00:00:00,1969-10-01 00:00:00,1002.0
852,1997-05-07 00:00:00,1969-10-01 00:00:00,1001.0
853,1999-10-28 00:00:00,1969-10-01 00:00:00,
854,1999-10-29 00:00:00,1969-10-01 00:00:00,1005.3
855,2003-12-10 00:00:00,1969-10-01 00:00:00,1004.6
856,2009-07-31 00:00:00,1969-10-01 00:00:00,1004.5
857,2013-07-31 00:00:00,1969-10-01 00:00:00,1040.7
858,2017-10-27 00:00:00,1969-10-01 00:00:00,1040.741
859,2018-07-27 00:00:00,1969-10-01 00:00:00,1038.147
860,1991-12-04 00:00:00,1970-01-01 00:00:00,989.5
861,1991-12-20 00:00:00,1970-01-01 00:00:00,989.7
862,1996-01-19 00:00:00,1970-01-01 00:00:00,1014.0
863,1997-05-07 00:00:00,1970-01-01 00:00:00,1013.9
864,1999-10-28 00:00:00,1970-01-01 00:00:00,
865,1999-10-29 00:00:00,1970-01-01 00:00:00,1018.2
866,2003-12-10 00:00:00,1970-01-01 00:00:00,1017.3
867,2009-07-31 00:00:00,1970-01-01 00:00:00,1017.1
868,2013-07-31 00:00:00,1970-01-01 00:00:00,1053.5
869,2017-10-27 00:00:00,1970-01-01 00:00:00,1053.528
870,2018-07-27 00:00:00,1970-01-01 00:00:00,1051.2
871,1991-12-04 00:00:00,1970-04-01 00:00:00,1003.4
872,1991-12-20 00:00:00,1970-04-01 00:00:00,1003.8
873,1996-01-19 00:00:00,1970-04-01 00:00:00,1029.0
874,1997-05-07 00:00:00,1970-04-01 00:00:00,1029.5
875,1999-10-28 00:00:00,1970-04-01 00:00:00,
876,1999-10-29 00:00:00,1970-04-01 00:00:00,1034.4
877,2003-12-10 00:00:00,1970-04-01 00:00:00,1033.2
878,2009-07-31 00:00:00,1970-04-01 00:00:00,1033.1
879,2013-07-31 00:00:00,1970-04-01 00:00:00,1070.1
880,2017-10-27 00:00:00,1970-04-01 00:00:00,1070.11
881,2018-07-27 00:00:00,1970-04-01 00:00:00,1067.375
882,1991-12-04 00:00:00,1970-07-01 00:00:00,1022.4
883,1991-12-20 00:00:00,1970-07-01 00:00:00,1022.8
884,1996-01-19 00:00:00,1970-07-01 00:00:00,1047.2
885,1997-05-07 00:00:00,1970-07-01 00:00:00,1047.8
886,1999-10-28 00:00:00,1970-07-01 00:00:00,
887,1999-10-29 00:00:00,1970-07-01 00:00:00,1051.9
888,2003-12-10 00:00:00,1970-07-01 00:00:00,1050.7
889,2009-07-31 00:00:00,1970-07-01 00:00:00,1050.5
890,2013-07-31 00:00:00,1970-07-01 00:00:00,1088.5
891,2017-10-27 00:00:00,1970-07-01 00:00:00,1088.461
892,2018-07-27 00:00:00,1970-07-01 00:00:00,1086.059
893,1991-12-04 00:00:00,1970-10-01 00:00:00,1026.1
894,1991-12-20 00:00:00,1970-10-01 00:00:00,1026.4
895,1996-01-19 00:00:00,1970-10-01 00:00:00,1052.3
896,1997-05-07 00:00:00,1970-10-01 00:00:00,1051.3
897,1999-10-28 00:00:00,1970-10-01 00:00:00,
898,1999-10-29 00:00:00,1970-10-01 00:00:00,1054.2
899,2003-12-10 00:00:00,1970-10-01 00:00:00,1052.9
900,2009-07-31 00:00:00,1970-10-01 00:00:00,1052.7
901,2013-07-31 00:00:00,1970-10-01 00:00:00,1091.5
902,2017-10-27 00:00:00,1970-10-01 00:00:00,1091.462
903,2018-07-27 00:00:00,1970-10-01 00:00:00,1088.608
904,1991-12-04 00:00:00,1971-01-01 00:00:00,1069.4
905,1991-12-20 00:00:00,1971-01-01 00:00:00,1069.8
906,1996-01-19 00:00:00,1971-01-01 00:00:00,1096.7
907,1997-05-07 00:00:00,1971-01-01 00:00:00,1096.8
908,1999-10-28 00:00:00,1971-01-01 00:00:00,
909,1999-10-29 00:00:00,1971-01-01 00:00:00,1099.9
910,2003-12-10 00:00:00,1971-01-01 00:00:00,1098.3
911,2009-07-31 00:00:00,1971-01-01 00:00:00,1098.1
912,2013-07-31 00:00:00,1971-01-01 00:00:00,1137.8
913,2017-10-27 00:00:00,1971-01-01 00:00:00,1137.812
914,2018-07-27 00:00:00,1971-01-01 00:00:00,1135.156
915,1991-12-04 00:00:00,1971-04-01 00:00:00,1087.8
916,1991-12-20 00:00:00,1971-04-01 00:00:00,1088.2
917,1996-01-19 00:00:00,1971-04-01 00:00:00,1116.8
918,1997-05-07 00:00:00,1971-04-01 00:00:00,1117.7
919,1999-10-28 00:00:00,1971-04-01 00:00:00,
920,1999-10-29 00:00:00,1971-04-01 00:00:00,1120.6
921,2003-12-10 00:00:00,1971-04-01 00:00:00,1119.1
922,2009-07-31 00:00:00,1971-04-01 00:00:00,1118.8
923,2013-07-31 00:00:00,1971-04-01 00:00:00,1159.4
924,2017-10-27 00:00:00,1971-04-01 00:00:00,1159.355
925,2018-07-27 00:00:00,1971-04-01 00:00:00,1156.271
926,1991-12-04 00:00:00,1971-07-01 00:00:00,1108.0
927,1991-12-20 00:00:00,1971-07-01 00:00:00,1108.4
928,1996-01-19 00:00:00,1971-07-01 00:00:00,1137.1
929,1997-05-07 00:00:00,1971-07-01 00:00:00,1137.3
930,1999-10-28 00:00:00,1971-07-01 00:00:00,
931,1999-10-29 00:00:00,1971-07-01 00:00:00,1140.8
932,2003-12-10 00:00:00,1971-07-01 00:00:00,1139.3
933,2009-07-31 00:00:00,1971-07-01 00:00:00,1139.1
934,2013-07-31 00:00:00,1971-07-01 00:00:00,1180.3
935,2017-10-27 00:00:00,1971-07-01 00:00:00,1180.313
936,2018-07-27 00:00:00,1971-07-01 00:00:00,1177.675
937,1991-12-04 00:00:00,1971-10-01 00:00:00,1122.0
938,1991-12-20 00:00:00,1971-10-01 00:00:00,1122.3
939,1996-01-19 00:00:00,1971-10-01 00:00:00,1150.9
940,1997-05-07 00:00:00,1971-10-01 00:00:00,1149.8
941,1999-10-28 00:00:00,1971-10-01 00:00:00,
942,1999-10-29 00:00:00,1971-10-01 00:00:00,1153.1
943,2003-12-10 00:00:00,1971-10-01 00:00:00,1151.7
944,2009-07-31 00:00:00,1971-10-01 00:00:00,1151.4
945,2013-07-31 00:00:00,1971-10-01 00:00:00,1193.6
946,2017-10-27 00:00:00,1971-10-01 00:00:00,1193.585
947,2018-07-27 00:00:00,1971-10-01 00:00:00,1190.297
948,1991-12-04 00:00:00,1972-01-01 00:00:00,1160.5
949,1991-12-20 00:00:00,1972-01-01 00:00:00,1160.9
950,1996-01-19 00:00:00,1972-01-01 00:00:00,1190.1
951,1997-05-07 00:00:00,1972-01-01 00:00:00,1190.2
952,1999-10-28 00:00:00,1972-01-01 00:00:00,
953,1999-10-29 00:00:00,1972-01-01 00:00:00,1192.5
954,2003-12-10 00:00:00,1972-01-01 00:00:00,1190.6
955,2009-07-31 00:00:00,1972-01-01 00:00:00,1190.1
956,2013-07-31 00:00:00,1972-01-01 00:00:00,1233.8
957,2017-10-27 00:00:00,1972-01-01 00:00:00,1233.807
958,2018-07-27 00:00:00,1972-01-01 00:00:00,1230.609
959,1991-12-04 00:00:00,1972-04-01 00:00:00,1192.1
960,1991-12-20 00:00:00,1972-04-01 00:00:00,1192.5
961,1996-01-19 00:00:00,1972-04-01 00:00:00,1223.5
962,1997-05-07 00:00:00,1972-04-01 00:00:00,1224.4
963,1999-10-28 00:00:00,1972-04-01 00:00:00,
964,1999-10-29 00:00:00,1972-04-01 00:00:00,1227.5
965,2003-12-10 00:00:00,1972-04-01 00:00:00,1225.9
966,2009-07-31 00:00:00,1972-04-01 00:00:00,1225.6
967,2013-07-31 00:00:00,1972-04-01 00:00:00,1270.1
968,2017-10-27 00:00:00,1972-04-01 00:00:00,1270.122
969,2018-07-27 00:00:00,1972-04-01 00:00:00,1266.369
970,1991-12-04 00:00:00,1972-07-01 00:00:00,1217.3
971,1991-12-20 00:00:00,1972-07-01 00:00:00,1217.7
972,1996-01-19 00:00:00,1972-07-01 00:00:00,1247.6
973,1997-05-07 00:00:00,1972-07-01 00:00:00,1247.8
974,1999-10-28 00:00:00,1972-07-01 00:00:00,
975,1999-10-29 00:00:00,1972-07-01 00:00:00,1252.0
976,2003-12-10 00:00:00,1972-07-01 00:00:00,1249.7
977,2009-07-31 00:00:00,1972-07-01 00:00:00,1249.3
978,2013-07-31 00:00:00,1972-07-01 00:00:00,1293.8
979,2017-10-27 00:00:00,1972-07-01 00:00:00,1293.837
980,2018-07-27 00:00:00,1972-07-01 00:00:00,1290.566
981,1991-12-04 00:00:00,1972-10-01 00:00:00,1256.2
982,1991-12-20 00:00:00,1972-10-01 00:00:00,1256.8
983,1996-01-19 00:00:00,1972-10-01 00:00:00,1287.9
984,1997-05-07 00:00:00,1972-10-01 00:00:00,1286.8
985,1999-10-28 00:00:00,1972-10-01 00:00:00,
986,1999-10-29 00:00:00,1972-10-01 00:00:00,1289.7
987,2003-12-10 00:00:00,1972-10-01 00:00:00,1287.0
988,2009-07-31 00:00:00,1972-10-01 00:00:00,1286.6
989,2013-07-31 00:00:00,1972-10-01 00:00:00,1332.0
990,2017-10-27 00:00:00,1972-10-01 00:00:00,1332.023
991,2018-07-27 00:00:00,1972-10-01 00:00:00,1328.904
992,1991-12-04 00:00:00,1973-01-01 00:00:00,1303.8
993,1991-12-20 00:00:00,1973-01-01 00:00:00,1304.4
994,1996-01-19 00:00:00,1973-01-01 00:00:00,1337.2
995,1997-05-07 00:00:00,1973-01-01 00:00:00,1337.5
996,1999-10-28 00:00:00,1973-01-01 00:00:00,
997,1999-10-29 00:00:00,1973-01-01 00:00:00,1338.4
998,2003-12-10 00:00:00,1973-01-01 00:00:00,1335.5
999,2009-07-31 00:00:00,1973-01-01 00:00:00,1335.1
1000,2013-07-31 00:00:00,1973-01-01 00:00:00,1380.7
1001,2017-10-27 00:00:00,1973-01-01 00:00:00,1380.68
1002,2018-07-27 00:00:00,1973-01-01 00:00:00,1377.49
1003,1991-12-04 00:00:00,1973-04-01 00:00:00,1333.9
1004,1991-12-20 00:00:00,1973-04-01 00:00:00,1334.5
1005,1996-01-19 00:00:00,1973-04-01 00:00:00,1367.7
1006,1997-05-07 00:00:00,1973-04-01 00:00:00,1369.4
1007,1999-10-28 00:00:00,1973-04-01 00:00:00,
1008,1999-10-29 00:00:00,1973-04-01 00:00:00,1374.4
1009,2003-12-10 00:00:00,1973-04-01 00:00:00,1371.9
1010,2009-07-31 00:00:00,1973-04-01 00:00:00,1371.5
1011,2013-07-31 00:00:00,1973-04-01 00:00:00,1417.6
1012,2017-10-27 00:00:00,1973-04-01 00:00:00,1417.595
1013,2018-07-27 00:00:00,1973-04-01 00:00:00,1413.887
1014,1991-12-04 00:00:00,1973-07-01 00:00:00,1357.8
1015,1991-12-20 00:00:00,1973-07-01 00:00:00,1358.4
1016,1996-01-19 00:00:00,1973-07-01 00:00:00,1390.5
1017,1997-05-07 00:00:00,1973-07-01 00:00:00,1391.4
1018,1999-10-28 00:00:00,1973-07-01 00:00:00,
1019,1999-10-29 00:00:00,1973-07-01 00:00:00,1394.1
1020,2003-12-10 00:00:00,1973-07-01 00:00:00,1391.2
1021,2009-07-31 00:00:00,1973-07-01 00:00:00,1390.7
1022,2013-07-31 00:00:00,1973-07-01 00:00:00,1436.8
1023,2017-10-27 00:00:00,1973-07-01 00:00:00,1436.813
1024,2018-07-27 00:00:00,1973-07-01 00:00:00,1433.838
1025,1991-12-04 00:00:00,1973-10-01 00:00:00,1400.7
1026,1991-12-20 00:00:00,1973-10-01 00:00:00,1401.2
1027,1996-01-19 00:00:00,1973-10-01 00:00:00,1435.3
1028,1997-05-07 00:00:00,1973-10-01 00:00:00,1432.3
1029,1999-10-28 00:00:00,1973-10-01 00:00:00,
1030,1999-10-29 00:00:00,1973-10-01 00:00:00,1435.3
1031,2003-12-10 00:00:00,1973-10-01 00:00:00,1432.3
1032,2009-07-31 00:00:00,1973-10-01 00:00:00,1431.8
1033,2013-07-31 00:00:00,1973-10-01 00:00:00,1479.1
1034,2017-10-27 00:00:00,1973-10-01 00:00:00,1479.069
1035,2018-07-27 00:00:00,1973-10-01 00:00:00,1476.289
1036,1991-12-04 00:00:00,1974-01-01 00:00:00,1410.4
1037,1991-12-20 00:00:00,1974-01-01 00:00:00,1410.9
1038,1996-01-19 00:00:00,1974-01-01 00:00:00,1446.6
1039,1997-05-07 00:00:00,1974-01-01 00:00:00,1446.5
1040,1999-10-28 00:00:00,1974-01-01 00:00:00,
1041,1999-10-29 00:00:00,1974-01-01 00:00:00,1450.0
1042,2003-12-10 00:00:00,1974-01-01 00:00:00,1447.0
1043,2009-07-31 00:00:00,1974-01-01 00:00:00,1446.5
1044,2013-07-31 00:00:00,1974-01-01 00:00:00,1494.7
1045,2017-10-27 00:00:00,1974-01-01 00:00:00,1494.654
1046,2018-07-27 00:00:00,1974-01-01 00:00:00,1491.209
1047,1991-12-04 00:00:00,1974-04-01 00:00:00,1443.5
1048,1991-12-20 00:00:00,1974-04-01 00:00:00,1444.1
1049,1996-01-19 00:00:00,1974-04-01 00:00:00,1480.2
1050,1997-05-07 00:00:00,1974-04-01 00:00:00,1482.5
1051,1999-10-28 00:00:00,1974-04-01 00:00:00,
1052,1999-10-29 00:00:00,1974-04-01 00:00:00,1487.6
1053,2003-12-10 00:00:00,1974-04-01 00:00:00,1485.3
1054,2009-07-31 00:00:00,1974-04-01 00:00:00,1484.8
1055,2013-07-31 00:00:00,1974-04-01 00:00:00,1534.2
1056,2017-10-27 00:00:00,1974-04-01 00:00:00,1534.22
1057,2018-07-27 00:00:00,1974-04-01 00:00:00,1530.056
1058,1991-12-04 00:00:00,1974-07-01 00:00:00,1473.9
1059,1991-12-20 00:00:00,1974-07-01 00:00:00,1474.7
1060,1996-01-19 00:00:00,1974-07-01 00:00:00,1510.9
1061,1997-05-07 00:00:00,1974-07-01 00:00:00,1511.7
1062,1999-10-28 00:00:00,1974-07-01 00:00:00,
1063,1999-10-29 00:00:00,1974-07-01 00:00:00,1514.8
1064,2003-12-10 00:00:00,1974-07-01 00:00:00,1514.2
1065,2009-07-31 00:00:00,1974-07-01 00:00:00,1513.7
1066,2013-07-31 00:00:00,1974-07-01 00:00:00,1563.4
1067,2017-10-27 00:00:00,1974-07-01 00:00:00,1563.396
1068,2018-07-27 00:00:00,1974-07-01 00:00:00,1560.026
1069,1991-12-04 00:00:00,1974-10-01 00:00:00,1504.0
1070,1991-12-20 00:00:00,1974-10-01 00:00:00,1504.8
1071,1996-01-19 00:00:00,1974-10-01 00:00:00,1549.7
1072,1997-05-07 00:00:00,1974-10-01 00:00:00,1546.8
1073,1999-10-28 00:00:00,1974-10-01 00:00:00,
1074,1999-10-29 00:00:00,1974-10-01 00:00:00,1551.6
1075,2003-12-10 00:00:00,1974-10-01 00:00:00,1553.4
1076,2009-07-31 00:00:00,1974-10-01 00:00:00,1552.8
1077,2013-07-31 00:00:00,1974-10-01 00:00:00,1603.0
1078,2017-10-27 00:00:00,1974-10-01 00:00:00,1603.004
1079,2018-07-27 00:00:00,1974-10-01 00:00:00,1599.679
1080,1991-12-04 00:00:00,1975-01-01 00:00:00,1512.7
1081,1991-12-20 00:00:00,1975-01-01 00:00:00,1513.6
1082,1996-01-19 00:00:00,1975-01-01 00:00:00,1559.6
1083,1997-05-07 00:00:00,1975-01-01 00:00:00,1560.3
1084,1999-10-28 00:00:00,1975-01-01 00:00:00,
1085,1999-10-29 00:00:00,1975-01-01 00:00:00,1567.2
1086,2003-12-10 00:00:00,1975-01-01 00:00:00,1570.0
1087,2009-07-31 00:00:00,1975-01-01 00:00:00,1569.4
1088,2013-07-31 00:00:00,1975-01-01 00:00:00,1619.6
1089,2017-10-27 00:00:00,1975-01-01 00:00:00,1619.553
1090,2018-07-27 00:00:00,1975-01-01 00:00:00,1616.116
1091,1991-12-04 00:00:00,1975-04-01 00:00:00,1551.2
1092,1991-12-20 00:00:00,1975-04-01 00:00:00,1552.1
1093,1996-01-19 00:00:00,1975-04-01 00:00:00,1596.4
1094,1997-05-07 00:00:00,1975-04-01 00:00:00,1597.8
1095,1999-10-28 00:00:00,1975-04-01 00:00:00,
1096,1999-10-29 00:00:00,1975-04-01 00:00:00,1603.1
1097,2003-12-10 00:00:00,1975-04-01 00:00:00,1605.6
1098,2009-07-31 00:00:00,1975-04-01 00:00:00,1605.0
1099,2013-07-31 00:00:00,1975-04-01 00:00:00,1656.4
1100,2017-10-27 00:00:00,1975-04-01 00:00:00,1656.448
1101,2018-07-27 00:00:00,1975-04-01 00:00:00,1651.853
1102,1991-12-04 00:00:00,1975-07-01 00:00:00,1613.3
1103,1991-12-20 00:00:00,1975-07-01 00:00:00,1614.4
1104,1996-01-19 00:00:00,1975-07-01 00:00:00,1657.3
1105,1997-05-07 00:00:00,1975-07-01 00:00:00,1657.1
1106,1999-10-28 00:00:00,1975-07-01 00:00:00,
1107,1999-10-29 00:00:00,1975-07-01 00:00:00,1659.9
1108,2003-12-10 00:00:00,1975-07-01 00:00:00,1663.1
1109,2009-07-31 00:00:00,1975-07-01 00:00:00,1662.4
1110,2013-07-31 00:00:00,1975-07-01 00:00:00,1713.8
1111,2017-10-27 00:00:00,1975-07-01 00:00:00,1713.812
1112,2018-07-27 00:00:00,1975-07-01 00:00:00,1709.82
1113,1991-12-04 00:00:00,1975-10-01 00:00:00,1662.1
1114,1991-12-20 00:00:00,1975-10-01 00:00:00,1663.3
1115,1996-01-19 00:00:00,1975-10-01 00:00:00,1709.1
1116,1997-05-07 00:00:00,1975-10-01 00:00:00,1707.3
1117,1999-10-28 00:00:00,1975-10-01 00:00:00,
1118,1999-10-29 00:00:00,1975-10-01 00:00:00,1710.5
1119,2003-12-10 00:00:00,1975-10-01 00:00:00,1714.6
1120,2009-07-31 00:00:00,1975-10-01 00:00:00,1713.9
1121,2013-07-31 00:00:00,1975-10-01 00:00:00,1765.9
1122,2017-10-27 00:00:00,1975-10-01 00:00:00,1765.867
1123,2018-07-27 00:00:00,1975-10-01 00:00:00,1761.831
1124,1991-12-04 00:00:00,1976-01-01 00:00:00,1716.5
1125,1991-12-20 00:00:00,1976-01-01 00:00:00,1717.8
1126,1996-01-19 00:00:00,1976-01-01 00:00:00,1767.4
1127,1997-05-07 00:00:00,1976-01-01 00:00:00,1767.3
1128,1999-10-28 00:00:00,1976-01-01 00:00:00,
1129,1999-10-29 00:00:00,1976-01-01 00:00:00,1770.3
1130,2003-12-10 00:00:00,1976-01-01 00:00:00,1772.6
1131,2009-07-31 00:00:00,1976-01-01 00:00:00,1771.9
1132,2013-07-31 00:00:00,1976-01-01 00:00:00,1824.5
1133,2017-10-27 00:00:00,1976-01-01 00:00:00,1824.509
1134,2018-07-27 00:00:00,1976-01-01 00:00:00,1820.487
1135,1991-12-04 00:00:00,1976-04-01 00:00:00,1745.1
1136,1991-12-20 00:00:00,1976-04-01 00:00:00,1746.4
1137,1996-01-19 00:00:00,1976-04-01 00:00:00,1797.1
1138,1997-05-07 00:00:00,1976-04-01 00:00:00,1797.9
1139,1999-10-28 00:00:00,1976-04-01 00:00:00,
1140,1999-10-29 00:00:00,1976-04-01 00:00:00,1803.1
1141,2003-12-10 00:00:00,1976-04-01 00:00:00,1804.9
1142,2009-07-31 00:00:00,1976-04-01 00:00:00,1804.2
1143,2013-07-31 00:00:00,1976-04-01 00:00:00,1856.9
1144,2017-10-27 00:00:00,1976-04-01 00:00:00,1856.944
1145,2018-07-27 00:00:00,1976-04-01 00:00:00,1852.332
1146,1991-12-04 00:00:00,1976-07-01 00:00:00,1778.5
1147,1991-12-20 00:00:00,1976-07-01 00:00:00,1779.9
1148,1996-01-19 00:00:00,1976-07-01 00:00:00,1830.5
1149,1997-05-07 00:00:00,1976-07-01 00:00:00,1830.4
1150,1999-10-28 00:00:00,1976-07-01 00:00:00,
1151,1999-10-29 00:00:00,1976-07-01 00:00:00,1837.0
1152,2003-12-10 00:00:00,1976-07-01 00:00:00,1838.3
1153,2009-07-31 00:00:00,1976-07-01 00:00:00,1837.7
1154,2013-07-31 00:00:00,1976-07-01 00:00:00,1890.5
1155,2018-07-27 00:00:00,1976-07-01 00:00:00,1886.558
1156,1991-12-04 00:00:00,1976-10-01 00:00:00,1828.1
1157,1991-12-20 00:00:00,1976-10-01 00:00:00,1829.6
1158,1996-01-19 00:00:00,1976-10-01 00:00:00,1880.8
1159,1997-05-07 00:00:00,1976-10-01 00:00:00,1880.3
1160,1999-10-28 00:00:00,1976-10-01 00:00:00,
1161,1999-10-29 00:00:00,1976-10-01 00:00:00,1885.3
1162,2009-07-31 00:00:00,1976-10-01 00:00:00,1884.5
1163,2013-07-31 00:00:00,1976-10-01 00:00:00,1938.4
1164,2017-10-27 00:00:00,1976-10-01 00:00:00,1938.413
1165,2018-07-27 00:00:00,1976-10-01 00:00:00,1934.273
1166,1991-12-04 00:00:00,1977-01-01 00:00:00,1881.7
1167,1996-01-19 00:00:00,1977-01-01 00:00:00,1933.4
1168,1997-05-07 00:00:00,1977-01-01 00:00:00,1934.4
1169,1999-10-28 00:00:00,1977-01-01 00:00:00,
1170,1999-10-29 00:00:00,1977-01-01 00:00:00,1939.1
1171,2003-12-10 00:00:00,1977-01-01 00:00:00,1939.3
1172,2009-07-31 00:00:00,1977-01-01 00:00:00,1938.5
1173,2013-07-31 00:00:00,1977-01-01 00:00:00,1992.5
1174,2017-10-27 00:00:00,1977-01-01 00:00:00,1992.534
1175,2018-07-27 00:00:00,1977-01-01 00:00:00,1988.648
1176,1991-12-04 00:00:00,1977-04-01 00:00:00,1952.9
1177,1996-01-19 00:00:00,1977-04-01 00:00:00,2005.3
1178,1997-05-07 00:00:00,1977-04-01 00:00:00,2005.1
1179,1999-10-28 00:00:00,1977-04-01 00:00:00,
1180,1999-10-29 00:00:00,1977-04-01 00:00:00,2006.6
1181,2003-12-10 00:00:00,1977-04-01 00:00:00,2006.0
1182,2009-07-31 00:00:00,1977-04-01 00:00:00,2005.2
1183,2013-07-31 00:00:00,1977-04-01 00:00:00,2060.2
1184,2017-10-27 00:00:00,1977-04-01 00:00:00,2060.165
1185,2018-07-27 00:00:00,1977-04-01 00:00:00,2055.909
1186,1991-12-04 00:00:00,1977-07-01 00:00:00,2015.1
1187,1996-01-19 00:00:00,1977-07-01 00:00:00,2067.5
1188,1997-05-07 00:00:00,1977-07-01 00:00:00,2063.2
1189,1999-10-28 00:00:00,1977-07-01 00:00:00,
1190,1999-10-29 00:00:00,1977-07-01 00:00:00,2067.5
1191,2003-12-10 00:00:00,1977-07-01 00:00:00,2066.8
1192,2009-07-31 00:00:00,1977-07-01 00:00:00,2066.0
1193,2013-07-31 00:00:00,1977-07-01 00:00:00,2122.4
1194,2017-10-27 00:00:00,1977-07-01 00:00:00,2122.387
1195,2018-07-27 00:00:00,1977-07-01 00:00:00,2118.473
1196,1991-12-04 00:00:00,1977-10-01 00:00:00,2046.8
1197,1996-01-19 00:00:00,1977-10-01 00:00:00,2101.2
1198,1997-05-07 00:00:00,1977-10-01 00:00:00,2104.7
1199,1999-10-28 00:00:00,1977-10-01 00:00:00,
1200,1999-10-29 00:00:00,1977-10-01 00:00:00,2112.4
1201,2003-12-10 00:00:00,1977-10-01 00:00:00,2111.6
1202,2009-07-31 00:00:00,1977-10-01 00:00:00,2110.8
1203,2013-07-31 00:00:00,1977-10-01 00:00:00,2168.7
1204,2017-10-27 00:00:00,1977-10-01 00:00:00,2168.716
1205,2018-07-27 00:00:00,1977-10-01 00:00:00,2164.27
1206,1991-12-04 00:00:00,1978-01-01 00:00:00,2090.2
1207,1996-01-19 00:00:00,1978-01-01 00:00:00,2144.4
1208,1997-05-07 00:00:00,1978-01-01 00:00:00,2147.7
1209,1999-10-28 00:00:00,1978-01-01 00:00:00,
1210,1999-10-29 00:00:00,1978-01-01 00:00:00,2150.4
1211,2003-12-10 00:00:00,1978-01-01 00:00:00,2150.0
1212,2009-07-31 00:00:00,1978-01-01 00:00:00,2149.1
1213,2013-07-31 00:00:00,1978-01-01 00:00:00,2208.7
1214,2017-10-27 00:00:00,1978-01-01 00:00:00,2208.688
1215,2018-07-27 00:00:00,1978-01-01 00:00:00,2202.76
1216,1991-12-04 00:00:00,1978-04-01 00:00:00,2213.9
1217,1996-01-19 00:00:00,1978-04-01 00:00:00,2274.6
1218,1997-05-07 00:00:00,1978-04-01 00:00:00,2273.7
1219,1999-10-28 00:00:00,1978-04-01 00:00:00,
1220,1999-10-29 00:00:00,1978-04-01 00:00:00,2276.6
1221,2003-12-10 00:00:00,1978-04-01 00:00:00,2275.6
1222,2009-07-31 00:00:00,1978-04-01 00:00:00,2274.7
1223,2013-07-31 00:00:00,1978-04-01 00:00:00,2336.6
1224,2017-10-27 00:00:00,1978-04-01 00:00:00,2336.563
1225,2018-07-27 00:00:00,1978-04-01 00:00:00,2331.633
1226,1991-12-04 00:00:00,1978-07-01 00:00:00,2274.7
1227,1996-01-19 00:00:00,1978-07-01 00:00:00,2334.8
1228,1997-05-07 00:00:00,1978-07-01 00:00:00,2333.9
1229,1999-10-28 00:00:00,1978-07-01 00:00:00,
1230,1999-10-29 00:00:00,1978-07-01 00:00:00,2338.5
1231,2003-12-10 00:00:00,1978-07-01 00:00:00,2336.2
1232,2009-07-31 00:00:00,1978-07-01 00:00:00,2335.2
1233,2013-07-31 00:00:00,1978-07-01 00:00:00,2398.9
1234,2017-10-27 00:00:00,1978-07-01 00:00:00,2398.866
1235,2018-07-27 00:00:00,1978-07-01 00:00:00,2395.053
1236,1991-12-04 00:00:00,1978-10-01 00:00:00,2352.0
1237,1996-01-19 00:00:00,1978-10-01 00:00:00,2411.7
1238,1997-05-07 00:00:00,1978-10-01 00:00:00,2410.2
1239,1999-10-28 00:00:00,1978-10-01 00:00:00,
1240,1999-10-29 00:00:00,1978-10-01 00:00:00,2418.0
1241,2003-12-10 00:00:00,1978-10-01 00:00:00,2417.0
1242,2009-07-31 00:00:00,1978-10-01 00:00:00,2416.0
1243,2013-07-31 00:00:00,1978-10-01 00:00:00,2482.2
1244,2017-10-27 00:00:00,1978-10-01 00:00:00,2482.159
1245,2018-07-27 00:00:00,1978-10-01 00:00:00,2476.949
1246,1991-12-04 00:00:00,1979-01-01 00:00:00,2399.2
1247,1996-01-19 00:00:00,1979-01-01 00:00:00,2464.9
1248,1997-05-07 00:00:00,1979-01-01 00:00:00,2464.5
1249,1999-10-28 00:00:00,1979-01-01 00:00:00,
1250,1999-10-29 00:00:00,1979-01-01 00:00:00,2470.9
1251,2003-12-10 00:00:00,1979-01-01 00:00:00,2464.4
1252,2009-07-31 00:00:00,1979-01-01 00:00:00,2463.3
1253,2013-07-31 00:00:00,1979-01-01 00:00:00,2531.6
1254,2017-10-27 00:00:00,1979-01-01 00:00:00,2531.555
1255,2018-07-27 00:00:00,1979-01-01 00:00:00,2526.61
1256,1991-12-04 00:00:00,1979-04-01 00:00:00,2453.3
1257,1996-01-19 00:00:00,1979-04-01 00:00:00,2522.4
1258,1997-05-07 00:00:00,1979-04-01 00:00:00,2522.3
1259,1999-10-28 00:00:00,1979-04-01 00:00:00,
1260,1999-10-29 00:00:00,1979-04-01 00:00:00,2529.3
1261,2003-12-10 00:00:00,1979-04-01 00:00:00,2527.6
1262,2009-07-31 00:00:00,1979-04-01 00:00:00,2526.4
1263,2013-07-31 00:00:00,1979-04-01 00:00:00,2595.9
1264,2017-10-27 00:00:00,1979-04-01 00:00:00,2595.909
1265,2018-07-27 00:00:00,1979-04-01 00:00:00,2591.247
1266,1991-12-04 00:00:00,1979-07-01 00:00:00,2523.3
1267,1996-01-19 00:00:00,1979-07-01 00:00:00,2592.6
1268,1997-05-07 00:00:00,1979-07-01 00:00:00,2592.8
1269,1999-10-28 00:00:00,1979-07-01 00:00:00,
1270,1999-10-29 00:00:00,1979-07-01 00:00:00,2601.5
1271,2003-12-10 00:00:00,1979-07-01 00:00:00,2600.7
1272,2009-07-31 00:00:00,1979-07-01 00:00:00,2599.7
1273,2013-07-31 00:00:00,1979-07-01 00:00:00,2670.4
1274,2017-10-27 00:00:00,1979-07-01 00:00:00,2670.388
1275,2018-07-27 00:00:00,1979-07-01 00:00:00,2667.565
1276,1991-12-04 00:00:00,1979-10-01 00:00:00,2578.8
1277,1996-01-19 00:00:00,1979-10-01 00:00:00,2650.1
1278,1997-05-07 00:00:00,1979-10-01 00:00:00,2650.4
1279,1999-10-28 00:00:00,1979-10-01 00:00:00,
1280,1999-10-29 00:00:00,1979-10-01 00:00:00,2663.8
1281,2003-12-10 00:00:00,1979-10-01 00:00:00,2660.5
1282,2009-07-31 00:00:00,1979-10-01 00:00:00,2659.4
1283,2013-07-31 00:00:00,1979-10-01 00:00:00,2730.7
1284,2017-10-27 00:00:00,1979-10-01 00:00:00,2730.705
1285,2018-07-27 00:00:00,1979-10-01 00:00:00,2723.883
1286,1991-12-04 00:00:00,1980-01-01 00:00:00,2650.1
1287,1996-01-19 00:00:00,1980-01-01 00:00:00,2722.9
1288,1997-05-07 00:00:00,1980-01-01 00:00:00,2722.3
1289,1999-10-28 00:00:00,1980-01-01 00:00:00,
1290,1999-10-29 00:00:00,1980-01-01 00:00:00,2732.9
1291,2003-12-10 00:00:00,1980-01-01 00:00:00,2725.3
1292,2009-07-31 00:00:00,1980-01-01 00:00:00,2724.1
1293,2013-07-31 00:00:00,1980-01-01 00:00:00,2796.5
1294,2017-10-27 00:00:00,1980-01-01 00:00:00,2796.523
1295,2018-07-27 00:00:00,1980-01-01 00:00:00,2789.842
1296,1991-12-04 00:00:00,1980-04-01 00:00:00,2643.9
1297,1996-01-19 00:00:00,1980-04-01 00:00:00,2719.4
1298,1999-10-28 00:00:00,1980-04-01 00:00:00,
1299,1999-10-29 00:00:00,1980-04-01 00:00:00,2736.9
1300,2003-12-10 00:00:00,1980-04-01 00:00:00,2729.3
1301,2009-07-31 00:00:00,1980-04-01 00:00:00,2728.0
1302,2013-07-31 00:00:00,1980-04-01 00:00:00,2799.9
1303,2017-10-27 00:00:00,1980-04-01 00:00:00,2799.938
1304,2018-07-27 00:00:00,1980-04-01 00:00:00,2797.352
1305,1991-12-04 00:00:00,1980-07-01 00:00:00,2705.3
1306,1996-01-19 00:00:00,1980-07-01 00:00:00,2783.2
1307,1997-05-07 00:00:00,1980-07-01 00:00:00,2783.4
1308,1999-10-28 00:00:00,1980-07-01 00:00:00,
1309,1999-10-29 00:00:00,1980-07-01 00:00:00,2793.6
1310,2003-12-10 00:00:00,1980-07-01 00:00:00,2786.6
1311,2009-07-31 00:00:00,1980-07-01 00:00:00,2785.2
1312,2013-07-31 00:00:00,1980-07-01 00:00:00,2860.0
1313,2017-10-27 00:00:00,1980-07-01 00:00:00,2860.044
1314,2018-07-27 00:00:00,1980-07-01 00:00:00,2856.483
1315,1991-12-04 00:00:00,1980-10-01 00:00:00,2832.9
1316,1996-01-19 00:00:00,1980-10-01 00:00:00,2911.6
1317,1997-05-07 00:00:00,1980-10-01 00:00:00,2911.8
1318,1999-10-28 00:00:00,1980-10-01 00:00:00,
1319,1999-10-29 00:00:00,1980-10-01 00:00:00,2918.8
1320,2003-12-10 00:00:00,1980-10-01 00:00:00,2916.9
1321,2009-07-31 00:00:00,1980-10-01 00:00:00,2915.3
1322,2013-07-31 00:00:00,1980-10-01 00:00:00,2993.5
1323,2017-10-27 00:00:00,1980-10-01 00:00:00,2993.525
1324,2018-07-27 00:00:00,1980-10-01 00:00:00,2985.557
1325,1991-12-04 00:00:00,1981-01-01 00:00:00,2953.5
1326,1996-01-19 00:00:00,1981-01-01 00:00:00,3043.2
1327,1997-05-07 00:00:00,1981-01-01 00:00:00,3040.2
1328,1999-10-28 00:00:00,1981-01-01 00:00:00,
1329,1999-10-29 00:00:00,1981-01-01 00:00:00,3052.6
1330,2003-12-10 00:00:00,1981-01-01 00:00:00,3052.7
1331,2009-07-31 00:00:00,1981-01-01 00:00:00,3051.4
1332,2013-07-31 00:00:00,1981-01-01 00:00:00,3131.8
1333,2017-10-27 00:00:00,1981-01-01 00:00:00,3131.799
1334,2018-07-27 00:00:00,1981-01-01 00:00:00,3124.206
1335,1991-12-04 00:00:00,1981-04-01 00:00:00,2993.0
1336,1996-01-19 00:00:00,1981-04-01 00:00:00,3073.3
1337,1997-05-07 00:00:00,1981-04-01 00:00:00,3070.3
1338,1999-10-28 00:00:00,1981-04-01 00:00:00,
1339,1999-10-29 00:00:00,1981-04-01 00:00:00,3086.2
1340,2003-12-10 00:00:00,1981-04-01 00:00:00,3085.9
1341,2009-07-31 00:00:00,1981-04-01 00:00:00,3084.3
1342,2013-07-31 00:00:00,1981-04-01 00:00:00,3167.2
1343,2014-07-30 00:00:00,1981-04-01 00:00:00,3167.3
1344,2017-10-27 00:00:00,1981-04-01 00:00:00,3167.251
1345,2018-07-27 00:00:00,1981-04-01 00:00:00,3162.532
1346,1991-12-04 00:00:00,1981-07-01 00:00:00,3079.6
1347,1996-01-19 00:00:00,1981-07-01 00:00:00,3163.2
1348,1997-05-07 00:00:00,1981-07-01 00:00:00,3167.7
1349,1999-10-28 00:00:00,1981-07-01 00:00:00,
1350,1999-10-29 00:00:00,1981-07-01 00:00:00,3183.5
1351,2003-12-10 00:00:00,1981-07-01 00:00:00,3178.7
1352,2009-07-31 00:00:00,1981-07-01 00:00:00,3177.0
1353,2013-07-31 00:00:00,1981-07-01 00:00:00,3261.2
1354,2017-10-27 00:00:00,1981-07-01 00:00:00,3261.203
1355,2018-07-27 00:00:00,1981-07-01 00:00:00,3260.609
1356,1991-12-04 00:00:00,1981-10-01 00:00:00,3096.3
1357,1996-01-19 00:00:00,1981-10-01 00:00:00,3183.9
1358,1997-05-07 00:00:00,1981-10-01 00:00:00,3185.5
1359,1999-10-28 00:00:00,1981-10-01 00:00:00,
1360,1999-10-29 00:00:00,1981-10-01 00:00:00,3203.1
1361,2003-12-10 00:00:00,1981-10-01 00:00:00,3196.4
1362,2009-07-31 00:00:00,1981-10-01 00:00:00,3194.7
1363,2013-07-31 00:00:00,1981-10-01 00:00:00,3283.5
1364,2017-10-27 00:00:00,1981-10-01 00:00:00,3283.536
1365,2018-07-27 00:00:00,1981-10-01 00:00:00,3280.818
1366,1991-12-04 00:00:00,1982-01-01 00:00:00,3092.9
1367,1996-01-19 00:00:00,1982-01-01 00:00:00,3179.6
1368,1997-05-07 00:00:00,1982-01-01 00:00:00,3178.6
1369,1999-10-28 00:00:00,1982-01-01 00:00:00,
1370,1999-10-29 00:00:00,1982-01-01 00:00:00,3193.8
1371,2003-12-10 00:00:00,1982-01-01 00:00:00,3186.8
1372,2009-07-31 00:00:00,1982-01-01 00:00:00,3184.9
1373,2013-07-31 00:00:00,1982-01-01 00:00:00,3273.8
1374,2017-10-27 00:00:00,1982-01-01 00:00:00,3273.809
1375,2018-07-27 00:00:00,1982-01-01 00:00:00,3274.302
1376,1991-12-04 00:00:00,1982-04-01 00:00:00,3146.2
1377,1996-01-19 00:00:00,1982-04-01 00:00:00,3234.7
1378,1997-05-07 00:00:00,1982-04-01 00:00:00,3231.6
1379,1999-10-28 00:00:00,1982-04-01 00:00:00,
1380,1999-10-29 00:00:00,1982-04-01 00:00:00,3248.9
1381,2003-12-10 00:00:00,1982-04-01 00:00:00,3242.7
1382,2009-07-31 00:00:00,1982-04-01 00:00:00,3240.9
1383,2013-07-31 00:00:00,1982-04-01 00:00:00,3331.3
1384,2017-10-27 00:00:00,1982-04-01 00:00:00,3331.281
1385,2018-07-27 00:00:00,1982-04-01 00:00:00,3331.972
1386,1991-12-04 00:00:00,1982-07-01 00:00:00,3164.2
1387,1996-01-19 00:00:00,1982-07-01 00:00:00,3258.5
1388,1997-05-07 00:00:00,1982-07-01 00:00:00,3259.1
1389,1999-10-28 00:00:00,1982-07-01 00:00:00,
1390,1999-10-29 00:00:00,1982-07-01 00:00:00,3278.6
1391,2003-12-10 00:00:00,1982-07-01 00:00:00,3276.2
1392,2009-07-31 00:00:00,1982-07-01 00:00:00,3274.4
1393,2013-07-31 00:00:00,1982-07-01 00:00:00,3367.1
1394,2017-10-27 00:00:00,1982-07-01 00:00:00,3367.072
1395,2018-07-27 00:00:00,1982-07-01 00:00:00,3366.322
1396,1991-12-04 00:00:00,1982-10-01 00:00:00,3195.1
1397,1996-01-19 00:00:00,1982-10-01 00:00:00,3295.5
1398,1997-05-07 00:00:00,1982-10-01 00:00:00,3299.1
1399,1999-10-28 00:00:00,1982-10-01 00:00:00,
1400,1999-10-29 00:00:00,1982-10-01 00:00:00,3315.6
1401,2003-12-10 00:00:00,1982-10-01 00:00:00,3314.4
1402,2009-07-31 00:00:00,1982-10-01 00:00:00,3312.5
1403,2013-07-31 00:00:00,1982-10-01 00:00:00,3407.8
1404,2017-10-27 00:00:00,1982-10-01 00:00:00,3407.81
1405,2018-07-27 00:00:00,1982-10-01 00:00:00,3402.561
1406,1991-12-04 00:00:00,1983-01-01 00:00:00,3254.9
1407,1996-01-19 00:00:00,1983-01-01 00:00:00,3359.5
1408,1997-05-07 00:00:00,1983-01-01 00:00:00,3361.0
1409,1999-10-28 00:00:00,1983-01-01 00:00:00,
1410,1999-10-29 00:00:00,1983-01-01 00:00:00,3378.5
1411,2003-12-10 00:00:00,1983-01-01 00:00:00,3382.9
1412,2009-07-31 00:00:00,1983-01-01 00:00:00,3381.0
1413,2013-07-31 00:00:00,1983-01-01 00:00:00,3480.3
1414,2017-10-27 00:00:00,1983-01-01 00:00:00,3480.321
1415,2018-07-27 00:00:00,1983-01-01 00:00:00,3473.413
1416,1991-12-04 00:00:00,1983-04-01 00:00:00,3367.1
1417,1996-01-19 00:00:00,1983-04-01 00:00:00,3469.4
1418,1997-05-07 00:00:00,1983-04-01 00:00:00,3469.2
1419,1999-10-28 00:00:00,1983-04-01 00:00:00,
1420,1999-10-29 00:00:00,1983-04-01 00:00:00,3489.6
1421,2003-12-10 00:00:00,1983-04-01 00:00:00,3484.1
1422,2009-07-31 00:00:00,1983-04-01 00:00:00,3482.2
1423,2013-07-31 00:00:00,1983-04-01 00:00:00,3583.8
1424,2017-10-27 00:00:00,1983-04-01 00:00:00,3583.844
1425,2018-07-27 00:00:00,1983-04-01 00:00:00,3578.848
1426,1991-12-04 00:00:00,1983-07-01 00:00:00,3450.9
1427,1996-01-19 00:00:00,1983-07-01 00:00:00,3563.8
1428,1997-05-07 00:00:00,1983-07-01 00:00:00,3563.3
1429,1999-10-28 00:00:00,1983-07-01 00:00:00,
1430,1999-10-29 00:00:00,1983-07-01 00:00:00,3582.9
1431,2003-12-10 00:00:00,1983-07-01 00:00:00,3589.3
1432,2009-07-31 00:00:00,1983-07-01 00:00:00,3587.1
1433,2013-07-31 00:00:00,1983-07-01 00:00:00,3692.3
1434,2017-10-27 00:00:00,1983-07-01 00:00:00,3692.257
1435,2018-07-27 00:00:00,1983-07-01 00:00:00,3689.179
1436,1991-12-04 00:00:00,1983-10-01 00:00:00,3547.3
1437,1996-01-19 00:00:00,1983-10-01 00:00:00,3665.4
1438,1997-05-07 00:00:00,1983-10-01 00:00:00,3664.6
1439,1999-10-28 00:00:00,1983-10-01 00:00:00,
1440,1999-10-29 00:00:00,1983-10-01 00:00:00,3688.8
1441,2003-12-10 00:00:00,1983-10-01 00:00:00,3690.4
1442,2009-07-31 00:00:00,1983-10-01 00:00:00,3688.1
1443,2013-07-31 00:00:00,1983-10-01 00:00:00,3796.1
1444,2017-10-27 00:00:00,1983-10-01 00:00:00,3796.121
1445,2018-07-27 00:00:00,1983-10-01 00:00:00,3794.706
1446,1991-12-04 00:00:00,1984-01-01 00:00:00,3666.9
1447,1996-01-19 00:00:00,1984-01-01 00:00:00,3792.8
1448,1997-05-07 00:00:00,1984-01-01 00:00:00,3791.1
1449,1999-10-28 00:00:00,1984-01-01 00:00:00,
1450,1999-10-29 00:00:00,1984-01-01 00:00:00,3813.4
1451,2003-12-10 00:00:00,1984-01-01 00:00:00,3809.6
1452,2009-07-31 00:00:00,1984-01-01 00:00:00,3807.4
1453,2013-07-31 00:00:00,1984-01-01 00:00:00,3912.8
1454,2017-10-27 00:00:00,1984-01-01 00:00:00,3912.774
1455,2018-07-27 00:00:00,1984-01-01 00:00:00,3908.054
1456,1991-12-04 00:00:00,1984-04-01 00:00:00,3754.6
1457,1996-01-19 00:00:00,1984-04-01 00:00:00,3879.2
1458,1997-05-07 00:00:00,1984-04-01 00:00:00,3879.7
1459,1999-10-28 00:00:00,1984-04-01 00:00:00,
1460,1999-10-29 00:00:00,1984-04-01 00:00:00,3909.4
1461,2003-12-10 00:00:00,1984-04-01 00:00:00,3908.6
1462,2009-07-31 00:00:00,1984-04-01 00:00:00,3906.3
1463,2013-07-31 00:00:00,1984-04-01 00:00:00,4015.0
1464,2018-07-27 00:00:00,1984-04-01 00:00:00,4009.601
1465,1991-12-04 00:00:00,1984-07-01 00:00:00,3818.2
1466,1996-01-19 00:00:00,1984-07-01 00:00:00,3943.3
1467,1997-05-07 00:00:00,1984-07-01 00:00:00,3942.2
1468,1999-10-28 00:00:00,1984-07-01 00:00:00,
1469,1999-10-29 00:00:00,1984-07-01 00:00:00,3974.7
1470,2003-12-10 00:00:00,1984-07-01 00:00:00,3978.2
1471,2009-07-31 00:00:00,1984-07-01 00:00:00,3976.0
1472,2013-07-31 00:00:00,1984-07-01 00:00:00,4087.4
1473,2017-10-27 00:00:00,1984-07-01 00:00:00,4087.378
1474,2018-07-27 00:00:00,1984-07-01 00:00:00,4084.25
1475,1991-12-04 00:00:00,1984-10-01 00:00:00,3869.1
1476,1996-01-19 00:00:00,1984-10-01 00:00:00,3994.4
1477,1997-05-07 00:00:00,1984-10-01 00:00:00,3996.7
1478,1999-10-28 00:00:00,1984-10-01 00:00:00,
1479,1999-10-29 00:00:00,1984-10-01 00:00:00,4033.5
1480,2003-12-10 00:00:00,1984-10-01 00:00:00,4036.3
1481,2009-07-31 00:00:00,1984-10-01 00:00:00,4034.0
1482,2013-07-31 00:00:00,1984-10-01 00:00:00,4147.6
1483,2017-10-27 00:00:00,1984-10-01 00:00:00,4147.606
1484,2018-07-27 00:00:00,1984-10-01 00:00:00,4148.551
1485,1991-12-04 00:00:00,1985-01-01 00:00:00,3940.0
1486,1996-01-19 00:00:00,1985-01-01 00:00:00,4080.3
1487,1997-05-07 00:00:00,1985-01-01 00:00:00,4081.2
1488,1999-10-28 00:00:00,1985-01-01 00:00:00,
1489,1999-10-29 00:00:00,1985-01-01 00:00:00,4109.7
1490,2003-12-10 00:00:00,1985-01-01 00:00:00,4119.5
1491,2009-07-31 00:00:00,1985-01-01 00:00:00,4117.2
1492,2013-07-31 00:00:00,1985-01-01 00:00:00,4237.0
1493,2017-10-27 00:00:00,1985-01-01 00:00:00,4237.01
1494,2018-07-27 00:00:00,1985-01-01 00:00:00,4230.168
1495,1991-12-04 00:00:00,1985-04-01 00:00:00,3997.5
1496,1996-01-19 00:00:00,1985-04-01 00:00:00,4135.4
1497,1997-05-07 00:00:00,1985-04-01 00:00:00,4134.8
1498,1999-10-28 00:00:00,1985-04-01 00:00:00,
1499,1999-10-29 00:00:00,1985-04-01 00:00:00,4170.1
1500,2003-12-10 00:00:00,1985-04-01 00:00:00,4178.4
1501,2009-07-31 00:00:00,1985-04-01 00:00:00,4175.7
1502,2013-07-31 00:00:00,1985-04-01 00:00:00,4302.3
1503,2017-10-27 00:00:00,1985-04-01 00:00:00,4302.297
1504,2018-07-27 00:00:00,1985-04-01 00:00:00,4294.887
1505,1991-12-04 00:00:00,1985-07-01 00:00:00,4076.9
1506,1996-01-19 00:00:00,1985-07-01 00:00:00,4221.9
1507,1997-05-07 00:00:00,1985-07-01 00:00:00,4221.4
1508,1999-10-28 00:00:00,1985-07-01 00:00:00,
1509,1999-10-29 00:00:00,1985-07-01 00:00:00,4252.9
1510,2003-12-10 00:00:00,1985-07-01 00:00:00,4261.3
1511,2009-07-31 00:00:00,1985-07-01 00:00:00,4258.3
1512,2013-07-31 00:00:00,1985-07-01 00:00:00,4394.6
1513,2017-10-27 00:00:00,1985-07-01 00:00:00,4394.563
1514,2018-07-27 00:00:00,1985-07-01 00:00:00,4386.773
1515,1991-12-04 00:00:00,1985-10-01 00:00:00,4140.5
1516,1996-01-19 00:00:00,1985-10-01 00:00:00,4285.1
1517,1997-05-07 00:00:00,1985-10-01 00:00:00,4285.3
1518,1999-10-28 00:00:00,1985-10-01 00:00:00,
1519,1999-10-29 00:00:00,1985-10-01 00:00:00,4319.3
1520,2003-12-10 00:00:00,1985-10-01 00:00:00,4321.8
1521,2009-07-31 00:00:00,1985-10-01 00:00:00,4318.7
1522,2013-07-31 00:00:00,1985-10-01 00:00:00,4453.1
1523,2017-10-27 00:00:00,1985-10-01 00:00:00,4453.105
1524,2018-07-27 00:00:00,1985-10-01 00:00:00,4444.094
1525,1991-12-04 00:00:00,1986-01-01 00:00:00,4215.7
1526,1996-01-19 00:00:00,1986-01-01 00:00:00,4358.2
1527,1999-10-28 00:00:00,1986-01-01 00:00:00,
1528,1999-10-29 00:00:00,1986-01-01 00:00:00,4375.3
1529,2003-12-10 00:00:00,1986-01-01 00:00:00,4385.6
1530,2009-07-31 00:00:00,1986-01-01 00:00:00,4382.4
1531,2013-07-31 00:00:00,1986-01-01 00:00:00,4516.3
1532,2017-10-27 00:00:00,1986-01-01 00:00:00,4516.344
1533,2018-07-27 00:00:00,1986-01-01 00:00:00,4507.894
1534,1991-12-04 00:00:00,1986-04-01 00:00:00,4232.0
1535,1996-01-19 00:00:00,1986-04-01 00:00:00,4386.7
1536,1997-05-07 00:00:00,1986-04-01 00:00:00,4385.6
1537,1999-10-28 00:00:00,1986-04-01 00:00:00,
1538,1999-10-29 00:00:00,1986-04-01 00:00:00,4415.2
1539,2003-12-10 00:00:00,1986-04-01 00:00:00,4425.7
1540,2009-07-31 00:00:00,1986-04-01 00:00:00,4423.2
1541,2013-07-31 00:00:00,1986-04-01 00:00:00,4555.2
1542,2017-10-27 00:00:00,1986-04-01 00:00:00,4555.245
1543,2018-07-27 00:00:00,1986-04-01 00:00:00,4545.34
1544,1991-12-04 00:00:00,1986-07-01 00:00:00,4290.2
1545,1996-01-19 00:00:00,1986-07-01 00:00:00,4442.4
1546,1997-05-07 00:00:00,1986-07-01 00:00:00,4443.3
1547,1999-10-28 00:00:00,1986-07-01 00:00:00,
1548,1999-10-29 00:00:00,1986-07-01 00:00:00,4483.4
1549,2003-12-10 00:00:00,1986-07-01 00:00:00,4493.9
1550,2009-07-31 00:00:00,1986-07-01 00:00:00,4491.3
1551,2013-07-31 00:00:00,1986-07-01 00:00:00,4619.6
1552,2017-10-27 00:00:00,1986-07-01 00:00:00,4619.627
1553,2018-07-27 00:00:00,1986-07-01 00:00:00,4607.669
1554,1991-12-04 00:00:00,1986-10-01 00:00:00,4336.6
1555,1996-01-19 00:00:00,1986-10-01 00:00:00,4501.4
1556,1997-05-07 00:00:00,1986-10-01 00:00:00,4501.7
1557,1999-10-28 00:00:00,1986-10-01 00:00:00,
1558,1999-10-29 00:00:00,1986-10-01 00:00:00,4537.5
1559,2003-12-10 00:00:00,1986-10-01 00:00:00,4546.1
1560,2009-07-31 00:00:00,1986-10-01 00:00:00,4543.3
1561,2013-07-31 00:00:00,1986-10-01 00:00:00,4669.4
1562,2017-10-27 00:00:00,1986-10-01 00:00:00,4669.396
1563,2018-07-27 00:00:00,1986-10-01 00:00:00,4657.627
1564,1991-12-04 00:00:00,1987-01-01 00:00:00,4408.3
1565,1996-01-19 00:00:00,1987-01-01 00:00:00,4565.6
1566,1997-05-07 00:00:00,1987-01-01 00:00:00,4565.7
1567,1999-10-28 00:00:00,1987-01-01 00:00:00,
1568,1999-10-29 00:00:00,1987-01-01 00:00:00,4612.3
1569,2003-12-10 00:00:00,1987-01-01 00:00:00,4613.8
1570,2009-07-31 00:00:00,1987-01-01 00:00:00,4611.1
1571,2013-07-31 00:00:00,1987-01-01 00:00:00,4736.2
1572,2017-10-27 00:00:00,1987-01-01 00:00:00,4736.231
1573,2018-07-27 00:00:00,1987-01-01 00:00:00,4722.156
1574,1991-12-04 00:00:00,1987-04-01 00:00:00,4494.9
1575,1996-01-19 00:00:00,1987-04-01 00:00:00,4644.9
1576,1997-05-07 00:00:00,1987-04-01 00:00:00,4645.1
1577,1999-10-28 00:00:00,1987-04-01 00:00:00,
1578,1999-10-29 00:00:00,1987-04-01 00:00:00,4695.8
1579,2003-12-10 00:00:00,1987-04-01 00:00:00,4690.0
1580,2009-07-31 00:00:00,1987-04-01 00:00:00,4686.7
1581,2013-07-31 00:00:00,1987-04-01 00:00:00,4821.4
1582,2014-07-30 00:00:00,1987-04-01 00:00:00,4821.5
1583,2017-10-27 00:00:00,1987-04-01 00:00:00,4821.459
1584,2018-07-27 00:00:00,1987-04-01 00:00:00,4806.16
1585,1991-12-04 00:00:00,1987-07-01 00:00:00,4573.5
1586,1996-01-19 00:00:00,1987-07-01 00:00:00,4722.6
1587,1999-10-28 00:00:00,1987-07-01 00:00:00,
1588,1999-10-29 00:00:00,1987-07-01 00:00:00,4770.2
1589,2003-12-10 00:00:00,1987-07-01 00:00:00,4767.8
1590,2009-07-31 00:00:00,1987-07-01 00:00:00,4764.5
1591,2013-07-31 00:00:00,1987-07-01 00:00:00,4900.5
1592,2017-10-27 00:00:00,1987-07-01 00:00:00,4900.509
1593,2018-07-27 00:00:00,1987-07-01 00:00:00,4884.555
1594,1991-12-04 00:00:00,1987-10-01 00:00:00,4683.0
1595,1996-01-19 00:00:00,1987-10-01 00:00:00,4836.2
1596,1997-05-07 00:00:00,1987-10-01 00:00:00,4835.9
1597,1999-10-28 00:00:00,1987-10-01 00:00:00,
1598,1999-10-29 00:00:00,1987-10-01 00:00:00,4891.6
1599,2003-12-10 00:00:00,1987-10-01 00:00:00,4886.3
1600,2009-07-31 00:00:00,1987-10-01 00:00:00,4883.1
1601,2013-07-31 00:00:00,1987-10-01 00:00:00,5022.7
1602,2017-10-27 00:00:00,1987-10-01 00:00:00,5022.67
1603,2018-07-27 00:00:00,1987-10-01 00:00:00,5007.994
1604,1991-12-04 00:00:00,1988-01-01 00:00:00,4752.4
1605,1996-01-19 00:00:00,1988-01-01 00:00:00,4898.5
1606,1997-05-07 00:00:00,1988-01-01 00:00:00,4898.2
1607,1999-10-28 00:00:00,1988-01-01 00:00:00,
1608,1999-10-29 00:00:00,1988-01-01 00:00:00,4957.0
1609,2003-12-10 00:00:00,1988-01-01 00:00:00,4951.9
1610,2009-07-31 00:00:00,1988-01-01 00:00:00,4948.6
1611,2013-07-31 00:00:00,1988-01-01 00:00:00,5090.6
1612,2017-10-27 00:00:00,1988-01-01 00:00:00,5090.615
1613,2018-07-27 00:00:00,1988-01-01 00:00:00,5073.372
1614,1991-12-04 00:00:00,1988-04-01 00:00:00,4857.2
1615,1996-01-19 00:00:00,1988-04-01 00:00:00,5000.5
1616,1997-05-07 00:00:00,1988-04-01 00:00:00,5000.4
1617,1999-10-28 00:00:00,1988-04-01 00:00:00,
1618,1999-10-29 00:00:00,1988-04-01 00:00:00,5066.5
1619,2003-12-10 00:00:00,1988-04-01 00:00:00,5062.8
1620,2009-07-31 00:00:00,1988-04-01 00:00:00,5059.3
1621,2013-07-31 00:00:00,1988-04-01 00:00:00,5207.7
1622,2017-10-27 00:00:00,1988-04-01 00:00:00,5207.707
1623,2018-07-27 00:00:00,1988-04-01 00:00:00,5190.036
1624,1991-12-04 00:00:00,1988-07-01 00:00:00,4947.3
1625,1996-01-19 00:00:00,1988-07-01 00:00:00,5094.5
1626,1999-10-28 00:00:00,1988-07-01 00:00:00,
1627,1999-10-29 00:00:00,1988-07-01 00:00:00,5151.5
1628,2003-12-10 00:00:00,1988-07-01 00:00:00,5146.6
1629,2009-07-31 00:00:00,1988-07-01 00:00:00,5142.8
1630,2013-07-31 00:00:00,1988-07-01 00:00:00,5299.5
1631,2017-10-27 00:00:00,1988-07-01 00:00:00,5299.486
1632,2018-07-27 00:00:00,1988-07-01 00:00:00,5282.835
1633,1991-12-04 00:00:00,1988-10-01 00:00:00,5044.6
1634,1996-01-19 00:00:00,1988-10-01 00:00:00,5204.9
1635,1997-05-07 00:00:00,1988-10-01 00:00:00,5205.3
1636,1999-10-28 00:00:00,1988-10-01 00:00:00,
1637,1999-10-29 00:00:00,1988-10-01 00:00:00,5258.3
1638,2003-12-10 00:00:00,1988-10-01 00:00:00,5253.7
1639,2009-07-31 00:00:00,1988-10-01 00:00:00,5251.0
1640,2013-07-31 00:00:00,1988-10-01 00:00:00,5412.7
1641,2017-10-27 00:00:00,1988-10-01 00:00:00,5412.713
1642,2018-07-27 00:00:00,1988-10-01 00:00:00,5399.509
1643,1991-12-04 00:00:00,1989-01-01 00:00:00,5139.9
1644,1992-07-30 00:00:00,1989-01-01 00:00:00,5150.0
1645,1996-01-19 00:00:00,1989-01-01 00:00:00,5316.9
1646,1997-05-07 00:00:00,1989-01-01 00:00:00,5316.8
1647,1999-10-28 00:00:00,1989-01-01 00:00:00,
1648,1999-10-29 00:00:00,1989-01-01 00:00:00,5379.0
1649,2003-12-10 00:00:00,1989-01-01 00:00:00,5367.1
1650,2009-07-31 00:00:00,1989-01-01 00:00:00,5360.3
1651,2013-07-31 00:00:00,1989-01-01 00:00:00,5527.3
1652,2014-07-30 00:00:00,1989-01-01 00:00:00,5527.4
1653,2017-10-27 00:00:00,1989-01-01 00:00:00,5527.352
1654,2018-07-27 00:00:00,1989-01-01 00:00:00,5511.253
1655,1991-12-04 00:00:00,1989-04-01 00:00:00,5218.5
1656,1992-07-30 00:00:00,1989-04-01 00:00:00,5229.5
1657,1996-01-19 00:00:00,1989-04-01 00:00:00,5413.1
1658,1997-05-07 00:00:00,1989-04-01 00:00:00,5413.2
1659,1999-10-28 00:00:00,1989-04-01 00:00:00,
1660,1999-10-29 00:00:00,1989-04-01 00:00:00,5461.7
1661,2003-12-10 00:00:00,1989-04-01 00:00:00,5454.1
1662,2009-07-31 00:00:00,1989-04-01 00:00:00,5453.6
1663,2013-07-31 00:00:00,1989-04-01 00:00:00,5628.4
1664,2017-10-27 00:00:00,1989-04-01 00:00:00,5628.429
1665,2018-07-27 00:00:00,1989-04-01 00:00:00,5612.463
1666,1991-12-04 00:00:00,1989-07-01 00:00:00,5277.3
1667,1992-07-30 00:00:00,1989-07-01 00:00:00,5278.9
1668,1996-01-19 00:00:00,1989-07-01 00:00:00,5486.8
1669,1997-05-07 00:00:00,1989-07-01 00:00:00,5486.9
1670,1999-10-28 00:00:00,1989-07-01 00:00:00,
1671,1999-10-29 00:00:00,1989-07-01 00:00:00,5527.5
1672,2003-12-10 00:00:00,1989-07-01 00:00:00,5531.9
1673,2009-07-31 00:00:00,1989-07-01 00:00:00,5532.9
1674,2013-07-31 00:00:00,1989-07-01 00:00:00,5711.5
1675,2014-07-30 00:00:00,1989-07-01 00:00:00,5711.6
1676,2017-10-27 00:00:00,1989-07-01 00:00:00,5711.556
1677,2018-07-27 00:00:00,1989-07-01 00:00:00,5695.365
1678,1991-12-04 00:00:00,1989-10-01 00:00:00,5340.4
1679,1992-07-30 00:00:00,1989-10-01 00:00:00,5344.8
1680,1996-01-19 00:00:00,1989-10-01 00:00:00,5537.9
1681,1997-05-07 00:00:00,1989-10-01 00:00:00,5537.8
1682,1999-10-28 00:00:00,1989-10-01 00:00:00,
1683,1999-10-29 00:00:00,1989-10-01 00:00:00,5588.0
1684,2003-12-10 00:00:00,1989-10-01 00:00:00,5584.3
1685,2009-07-31 00:00:00,1989-10-01 00:00:00,5581.7
1686,2013-07-31 00:00:00,1989-10-01 00:00:00,5763.4
1687,2017-10-27 00:00:00,1989-10-01 00:00:00,5763.444
1688,2018-07-27 00:00:00,1989-10-01 00:00:00,5747.237
1689,1991-12-04 00:00:00,1990-01-01 00:00:00,5422.4
1690,1992-07-30 00:00:00,1990-01-01 00:00:00,5445.2
1691,1993-08-31 00:00:00,1990-01-01 00:00:00,5461.9
1692,1996-01-19 00:00:00,1990-01-01 00:00:00,5660.4
1693,1997-05-07 00:00:00,1990-01-01 00:00:00,5660.6
1694,1999-10-28 00:00:00,1990-01-01 00:00:00,
1695,1999-10-29 00:00:00,1990-01-01 00:00:00,5720.8
1696,2003-12-10 00:00:00,1990-01-01 00:00:00,5716.4
1697,2009-07-31 00:00:00,1990-01-01 00:00:00,5708.1
1698,2013-07-31 00:00:00,1990-01-01 00:00:00,5890.8
1699,2017-10-27 00:00:00,1990-01-01 00:00:00,5890.835
1700,2018-07-27 00:00:00,1990-01-01 00:00:00,5872.701
1701,1991-12-04 00:00:00,1990-04-01 00:00:00,5504.7
1702,1992-07-30 00:00:00,1990-04-01 00:00:00,5522.6
1703,1993-08-31 00:00:00,1990-04-01 00:00:00,5540.9
1704,1996-01-19 00:00:00,1990-04-01 00:00:00,5751.0
1705,1997-05-07 00:00:00,1990-04-01 00:00:00,5750.8
1706,1999-10-28 00:00:00,1990-04-01 00:00:00,
1707,1999-10-29 00:00:00,1990-04-01 00:00:00,5800.0
1708,2003-12-10 00:00:00,1990-04-01 00:00:00,5797.7
1709,2009-07-31 00:00:00,1990-04-01 00:00:00,5797.4
1710,2013-07-31 00:00:00,1990-04-01 00:00:00,5974.6
1711,2014-07-30 00:00:00,1990-04-01 00:00:00,5974.7
1712,2017-10-27 00:00:00,1990-04-01 00:00:00,5974.665
1713,2018-07-27 00:00:00,1990-04-01 00:00:00,5960.028
1714,1991-12-04 00:00:00,1990-07-01 00:00:00,5570.5
1715,1992-07-30 00:00:00,1990-07-01 00:00:00,5559.6
1716,1993-08-31 00:00:00,1990-07-01 00:00:00,5583.8
1717,1996-01-19 00:00:00,1990-07-01 00:00:00,5782.4
1718,1997-05-07 00:00:00,1990-07-01 00:00:00,5782.2
1719,1999-10-28 00:00:00,1990-07-01 00:00:00,
1720,1999-10-29 00:00:00,1990-07-01 00:00:00,5844.9
1721,2003-12-10 00:00:00,1990-07-01 00:00:00,5849.4
1722,2009-07-31 00:00:00,1990-07-01 00:00:00,5850.6
1723,2013-07-31 00:00:00,1990-07-01 00:00:00,6029.5
1724,2017-10-27 00:00:00,1990-07-01 00:00:00,6029.504
1725,2018-07-27 00:00:00,1990-07-01 00:00:00,6015.116
1726,1991-12-04 00:00:00,1990-10-01 00:00:00,5557.5
1727,1992-07-30 00:00:00,1990-10-01 00:00:00,5561.3
1728,1993-08-31 00:00:00,1990-10-01 00:00:00,5597.9
1729,1996-01-19 00:00:00,1990-10-01 00:00:00,5781.5
1730,1997-05-07 00:00:00,1990-10-01 00:00:00,5781.7
1731,1999-10-28 00:00:00,1990-10-01 00:00:00,
1732,1999-10-29 00:00:00,1990-10-01 00:00:00,5847.3
1733,2003-12-10 00:00:00,1990-10-01 00:00:00,5848.8
1734,2009-07-31 00:00:00,1990-10-01 00:00:00,5846.0
1735,2013-07-31 00:00:00,1990-10-01 00:00:00,6023.3
1736,2017-10-27 00:00:00,1990-10-01 00:00:00,6023.332
1737,2018-07-27 00:00:00,1990-10-01 00:00:00,6004.733
1738,1991-12-04 00:00:00,1991-01-01 00:00:00,5589.0
1739,1992-07-30 00:00:00,1991-01-01 00:00:00,5585.8
1740,1993-08-31 00:00:00,1991-01-01 00:00:00,5631.7
1741,1994-07-29 00:00:00,1991-01-01 00:00:00,5636.8
1742,1996-01-19 00:00:00,1991-01-01 00:00:00,5822.1
1743,1997-05-07 00:00:00,1991-01-01 00:00:00,5821.9
1744,1999-10-28 00:00:00,1991-01-01 00:00:00,
1745,1999-10-29 00:00:00,1991-01-01 00:00:00,5886.3
1746,2003-12-10 00:00:00,1991-01-01 00:00:00,5888.0
1747,2009-07-31 00:00:00,1991-01-01 00:00:00,5880.2
1748,2013-07-31 00:00:00,1991-01-01 00:00:00,6054.8
1749,2014-07-30 00:00:00,1991-01-01 00:00:00,6054.9
1750,2017-10-27 00:00:00,1991-01-01 00:00:00,6054.867
1751,2018-07-27 00:00:00,1991-01-01 00:00:00,6035.178
1752,1991-12-04 00:00:00,1991-04-01 00:00:00,5652.6
1753,1992-07-30 00:00:00,1991-04-01 00:00:00,5657.6
1754,1993-08-31 00:00:00,1991-04-01 00:00:00,5697.7
1755,1994-07-29 00:00:00,1991-04-01 00:00:00,5705.9
1756,1996-01-19 00:00:00,1991-04-01 00:00:00,5892.3
1757,1997-05-07 00:00:00,1991-04-01 00:00:00,5892.5
1758,1999-10-28 00:00:00,1991-04-01 00:00:00,
1759,1999-10-29 00:00:00,1991-04-01 00:00:00,5962.0
1760,2003-12-10 00:00:00,1991-04-01 00:00:00,5964.3
1761,2009-07-31 00:00:00,1991-04-01 00:00:00,5962.0
1762,2013-07-31 00:00:00,1991-04-01 00:00:00,6143.6
1763,2017-10-27 00:00:00,1991-04-01 00:00:00,6143.612
1764,2018-07-27 00:00:00,1991-04-01 00:00:00,6126.862
1765,1991-12-04 00:00:00,1991-07-01 00:00:00,5707.4
1766,1991-12-20 00:00:00,1991-07-01 00:00:00,5709.2
1767,1992-07-30 00:00:00,1991-07-01 00:00:00,5713.1
1768,1993-08-31 00:00:00,1991-07-01 00:00:00,5758.6
1769,1994-07-29 00:00:00,1991-07-01 00:00:00,5759.9
1770,1996-01-19 00:00:00,1991-07-01 00:00:00,5950.0
1771,1997-05-07 00:00:00,1991-07-01 00:00:00,5950.2
1772,1999-10-28 00:00:00,1991-07-01 00:00:00,
1773,1999-10-29 00:00:00,1991-07-01 00:00:00,6015.9
1774,2003-12-10 00:00:00,1991-07-01 00:00:00,6035.6
1775,2009-07-31 00:00:00,1991-07-01 00:00:00,6033.7
1776,2013-07-31 00:00:00,1991-07-01 00:00:00,6218.4
1777,2017-10-27 00:00:00,1991-07-01 00:00:00,6218.425
1778,2018-07-27 00:00:00,1991-07-01 00:00:00,6205.937
1779,1992-01-29 00:00:00,1991-10-01 00:00:00,5736.6
1780,1992-02-28 00:00:00,1991-10-01 00:00:00,5746.7
1781,1992-03-26 00:00:00,1991-10-01 00:00:00,5739.7
1782,1992-07-30 00:00:00,1991-10-01 00:00:00,5753.3
1783,1993-08-31 00:00:00,1991-10-01 00:00:00,5803.7
1784,1994-07-29 00:00:00,1991-10-01 00:00:00,5796.6
1785,1996-01-19 00:00:00,1991-10-01 00:00:00,6002.3
1786,1997-05-07 00:00:00,1991-10-01 00:00:00,6002.1
1787,1999-10-28 00:00:00,1991-10-01 00:00:00,
1788,1999-10-29 00:00:00,1991-10-01 00:00:00,6080.7
1789,2003-12-10 00:00:00,1991-10-01 00:00:00,6095.8
1790,2009-07-31 00:00:00,1991-10-01 00:00:00,6092.5
1791,2013-07-31 00:00:00,1991-10-01 00:00:00,6279.3
1792,2017-10-27 00:00:00,1991-10-01 00:00:00,6279.296
1793,2018-07-27 00:00:00,1991-10-01 00:00:00,6264.54
1794,1992-04-28 00:00:00,1992-01-01 00:00:00,5809.3
1795,1992-05-29 00:00:00,1992-01-01 00:00:00,5817.5
1796,1992-06-25 00:00:00,1992-01-01 00:00:00,5820.6
1797,1992-07-30 00:00:00,1992-01-01 00:00:00,5840.2
1798,1993-08-31 00:00:00,1992-01-01 00:00:00,5908.7
1799,1994-07-29 00:00:00,1992-01-01 00:00:00,5896.8
1800,1996-01-19 00:00:00,1992-01-01 00:00:00,6121.8
1801,1999-10-28 00:00:00,1992-01-01 00:00:00,
1802,1999-10-29 00:00:00,1992-01-01 00:00:00,6183.6
1803,2003-12-10 00:00:00,1992-01-01 00:00:00,6196.1
1804,2009-07-31 00:00:00,1992-01-01 00:00:00,6190.7
1805,2013-07-31 00:00:00,1992-01-01 00:00:00,6380.8
1806,2017-10-27 00:00:00,1992-01-01 00:00:00,6380.798
1807,2018-07-27 00:00:00,1992-01-01 00:00:00,6363.102
1808,1992-07-30 00:00:00,1992-04-01 00:00:00,5893.6
1809,1992-08-27 00:00:00,1992-04-01 00:00:00,5898.6
1810,1992-09-24 00:00:00,1992-04-01 00:00:00,5902.2
1811,1993-08-31 00:00:00,1992-04-01 00:00:00,5991.4
1812,1994-07-29 00:00:00,1992-04-01 00:00:00,5971.3
1813,1996-01-19 00:00:00,1992-04-01 00:00:00,6201.2
1814,1999-10-28 00:00:00,1992-04-01 00:00:00,
1815,1999-10-29 00:00:00,1992-04-01 00:00:00,6276.6
1816,2003-12-10 00:00:00,1992-04-01 00:00:00,6290.1
1817,2009-07-31 00:00:00,1992-04-01 00:00:00,6295.2
1818,2013-07-31 00:00:00,1992-04-01 00:00:00,6492.3
1819,2017-10-27 00:00:00,1992-04-01 00:00:00,6492.299
1820,2018-07-27 00:00:00,1992-04-01 00:00:00,6470.763
1821,1992-10-27 00:00:00,1992-07-01 00:00:00,5967.1
1822,1992-11-25 00:00:00,1992-07-01 00:00:00,5982.5
1823,1992-12-22 00:00:00,1992-07-01 00:00:00,5978.5
1824,1993-08-31 00:00:00,1992-07-01 00:00:00,6059.5
1825,1994-07-29 00:00:00,1992-07-01 00:00:00,6043.6
1826,1996-01-19 00:00:00,1992-07-01 00:00:00,6271.7
1827,1999-10-28 00:00:00,1992-07-01 00:00:00,
1828,1999-10-29 00:00:00,1992-07-01 00:00:00,6345.8
1829,2003-12-10 00:00:00,1992-07-01 00:00:00,6380.5
1830,2009-07-31 00:00:00,1992-07-01 00:00:00,6389.7
1831,2013-07-31 00:00:00,1992-07-01 00:00:00,6586.5
1832,2017-10-27 00:00:00,1992-07-01 00:00:00,6586.548
1833,2018-07-27 00:00:00,1992-07-01 00:00:00,6566.641
1834,1993-01-28 00:00:00,1992-10-01 00:00:00,6061.9
1835,1993-02-26 00:00:00,1992-10-01 00:00:00,6082.1
1836,1993-03-26 00:00:00,1992-10-01 00:00:00,6081.8
1837,1993-08-31 00:00:00,1992-10-01 00:00:00,6194.4
1838,1994-07-29 00:00:00,1992-10-01 00:00:00,6169.3
1839,1996-01-19 00:00:00,1992-10-01 00:00:00,6383.0
1840,1997-05-07 00:00:00,1992-10-01 00:00:00,6383.1
1841,1999-10-28 00:00:00,1992-10-01 00:00:00,
1842,1999-10-29 00:00:00,1992-10-01 00:00:00,6469.8
1843,2003-12-10 00:00:00,1992-10-01 00:00:00,6484.3
1844,2009-07-31 00:00:00,1992-10-01 00:00:00,6493.6
1845,2013-07-31 00:00:00,1992-10-01 00:00:00,6697.5
1846,2014-07-30 00:00:00,1992-10-01 00:00:00,6697.6
1847,2017-10-27 00:00:00,1992-10-01 00:00:00,6697.553
1848,2018-07-27 00:00:00,1992-10-01 00:00:00,6680.803
1849,1993-04-29 00:00:00,1993-01-01 00:00:00,6158.8
1850,1993-05-28 00:00:00,1993-01-01 00:00:00,6148.0
1851,1993-06-23 00:00:00,1993-01-01 00:00:00,6145.8
1852,1993-08-31 00:00:00,1993-01-01 00:00:00,6261.6
1853,1994-07-29 00:00:00,1993-01-01 00:00:00,6235.9
1854,1996-01-19 00:00:00,1993-01-01 00:00:00,6442.8
1855,1996-08-01 00:00:00,1993-01-01 00:00:00,6442.6
1856,1997-07-31 00:00:00,1993-01-01 00:00:00,6444.5
1857,1999-10-28 00:00:00,1993-01-01 00:00:00,
1858,1999-10-29 00:00:00,1993-01-01 00:00:00,6521.6
1859,2003-12-10 00:00:00,1993-01-01 00:00:00,6542.7
1860,2009-07-31 00:00:00,1993-01-01 00:00:00,6544.5
1861,2013-07-31 00:00:00,1993-01-01 00:00:00,6748.2
1862,2017-10-27 00:00:00,1993-01-01 00:00:00,6748.182
1863,2018-07-27 00:00:00,1993-01-01 00:00:00,6729.459
1864,1993-07-29 00:00:00,1993-04-01 00:00:00,6206.9
1865,1993-08-31 00:00:00,1993-04-01 00:00:00,6325.7
1866,1993-09-29 00:00:00,1993-04-01 00:00:00,6327.6
1867,1994-07-29 00:00:00,1993-04-01 00:00:00,6299.9
1868,1996-01-19 00:00:00,1993-04-01 00:00:00,6503.2
1869,1996-08-01 00:00:00,1993-04-01 00:00:00,6506.2
1870,1997-07-31 00:00:00,1993-04-01 00:00:00,6509.1
1871,1999-10-28 00:00:00,1993-04-01 00:00:00,
1872,1999-10-29 00:00:00,1993-04-01 00:00:00,6596.7
1873,2003-12-10 00:00:00,1993-04-01 00:00:00,6612.1
1874,2009-07-31 00:00:00,1993-04-01 00:00:00,6622.7
1875,2013-07-31 00:00:00,1993-04-01 00:00:00,6829.6
1876,2017-10-27 00:00:00,1993-04-01 00:00:00,6829.594
1877,2018-07-27 00:00:00,1993-04-01 00:00:00,6808.939
1878,1993-10-28 00:00:00,1993-07-01 00:00:00,6396.3
1879,1993-12-01 00:00:00,1993-07-01 00:00:00,6394.6
1880,1993-12-22 00:00:00,1993-07-01 00:00:00,6395.9
1881,1994-07-29 00:00:00,1993-07-01 00:00:00,6359.2
1882,1996-01-19 00:00:00,1993-07-01 00:00:00,6571.3
1883,1996-08-01 00:00:00,1993-07-01 00:00:00,6574.4
1884,1997-05-07 00:00:00,1993-07-01 00:00:00,6574.3
1885,1997-07-31 00:00:00,1993-07-01 00:00:00,6574.6
1886,1999-10-28 00:00:00,1993-07-01 00:00:00,
1887,1999-10-29 00:00:00,1993-07-01 00:00:00,6655.5
1888,2003-12-10 00:00:00,1993-07-01 00:00:00,6674.6
1889,2009-07-31 00:00:00,1993-07-01 00:00:00,6688.3
1890,2013-07-31 00:00:00,1993-07-01 00:00:00,6904.2
1891,2017-10-27 00:00:00,1993-07-01 00:00:00,6904.222
1892,2018-07-27 00:00:00,1993-07-01 00:00:00,6882.098
1893,1994-01-28 00:00:00,1993-10-01 00:00:00,6510.8
1894,1994-03-01 00:00:00,1993-10-01 00:00:00,6532.4
1895,1994-03-31 00:00:00,1993-10-01 00:00:00,6526.5
1896,1994-07-29 00:00:00,1993-10-01 00:00:00,6478.1
1897,1996-01-19 00:00:00,1993-10-01 00:00:00,6683.7
1898,1996-08-01 00:00:00,1993-10-01 00:00:00,6688.6
1899,1997-05-07 00:00:00,1993-10-01 00:00:00,6688.7
1900,1997-07-31 00:00:00,1993-10-01 00:00:00,6704.2
1901,1999-10-28 00:00:00,1993-10-01 00:00:00,
1902,1999-10-29 00:00:00,1993-10-01 00:00:00,6795.5
1903,2003-12-10 00:00:00,1993-10-01 00:00:00,6800.2
1904,2009-07-31 00:00:00,1993-10-01 00:00:00,6813.8
1905,2013-07-31 00:00:00,1993-10-01 00:00:00,7032.8
1906,2017-10-27 00:00:00,1993-10-01 00:00:00,7032.844
1907,2018-07-27 00:00:00,1993-10-01 00:00:00,7013.738
1908,1994-04-28 00:00:00,1994-01-01 00:00:00,6609.4
1909,1994-05-27 00:00:00,1994-01-01 00:00:00,6617.6
1910,1994-06-29 00:00:00,1994-01-01 00:00:00,6623.1
1911,1994-07-29 00:00:00,1994-01-01 00:00:00,6574.7
1912,1996-01-19 00:00:00,1994-01-01 00:00:00,6772.8
1913,1996-08-01 00:00:00,1994-01-01 00:00:00,6776.0
1914,1997-05-07 00:00:00,1994-01-01 00:00:00,6776.1
1915,1997-07-31 00:00:00,1994-01-01 00:00:00,6794.3
1916,1999-10-28 00:00:00,1994-01-01 00:00:00,6887.8
1917,2003-12-10 00:00:00,1994-01-01 00:00:00,6911.0
1918,2009-07-31 00:00:00,1994-01-01 00:00:00,6916.3
1919,2013-07-31 00:00:00,1994-01-01 00:00:00,7136.2
1920,2014-07-30 00:00:00,1994-01-01 00:00:00,7136.3
1921,2017-10-27 00:00:00,1994-01-01 00:00:00,7136.259
1922,2018-07-27 00:00:00,1994-01-01 00:00:00,7115.652
1923,1994-07-29 00:00:00,1994-04-01 00:00:00,6683.6
1924,1994-08-26 00:00:00,1994-04-01 00:00:00,6685.5
1925,1994-09-29 00:00:00,1994-04-01 00:00:00,6689.9
1926,1996-01-19 00:00:00,1994-04-01 00:00:00,6885.0
1927,1996-08-01 00:00:00,1994-04-01 00:00:00,6890.5
1928,1997-07-31 00:00:00,1994-04-01 00:00:00,6911.4
1929,1999-10-28 00:00:00,1994-04-01 00:00:00,7015.7
1930,2003-12-10 00:00:00,1994-04-01 00:00:00,7030.6
1931,2009-07-31 00:00:00,1994-04-01 00:00:00,7044.3
1932,2013-07-31 00:00:00,1994-04-01 00:00:00,7269.8
1933,2017-10-27 00:00:00,1994-04-01 00:00:00,7269.847
1934,2018-07-27 00:00:00,1994-04-01 00:00:00,7246.931
1935,1994-10-28 00:00:00,1994-07-01 00:00:00,6775.9
1936,1994-11-30 00:00:00,1994-07-01 00:00:00,6786.5
1937,1994-12-22 00:00:00,1994-07-01 00:00:00,6791.7
1938,1996-01-19 00:00:00,1994-07-01 00:00:00,6987.6
1939,1996-08-01 00:00:00,1994-07-01 00:00:00,6993.1
1940,1997-07-31 00:00:00,1994-07-01 00:00:00,6986.5
1941,1999-10-28 00:00:00,1994-07-01 00:00:00,7096.0
1942,2003-12-10 00:00:00,1994-07-01 00:00:00,7115.1
1943,2009-07-31 00:00:00,1994-07-01 00:00:00,7131.8
1944,2013-07-31 00:00:00,1994-07-01 00:00:00,7352.2
1945,2014-07-30 00:00:00,1994-07-01 00:00:00,7352.3
1946,2017-10-27 00:00:00,1994-07-01 00:00:00,7352.255
1947,2018-07-27 00:00:00,1994-07-01 00:00:00,7331.075
1948,1995-01-27 00:00:00,1994-10-01 00:00:00,6891.1
1949,1995-03-01 00:00:00,1994-10-01 00:00:00,6888.1
1950,1995-03-31 00:00:00,1994-10-01 00:00:00,6897.2
1951,1996-01-19 00:00:00,1994-10-01 00:00:00,7080.0
1952,1996-08-01 00:00:00,1994-10-01 00:00:00,7083.2
1953,1997-07-31 00:00:00,1994-10-01 00:00:00,7095.7
1954,1999-10-28 00:00:00,1994-10-01 00:00:00,7217.7
1955,2003-12-10 00:00:00,1994-10-01 00:00:00,7232.2
1956,2009-07-31 00:00:00,1994-10-01 00:00:00,7248.2
1957,2013-07-31 00:00:00,1994-10-01 00:00:00,7476.6
1958,2014-07-30 00:00:00,1994-10-01 00:00:00,7476.7
1959,2017-10-27 00:00:00,1994-10-01 00:00:00,7476.661
1960,2018-07-27 00:00:00,1994-10-01 00:00:00,7455.288
1961,1995-04-28 00:00:00,1995-01-01 00:00:00,6982.9
1962,1995-05-31 00:00:00,1995-01-01 00:00:00,6979.7
1963,1995-06-30 00:00:00,1995-01-01 00:00:00,6977.4
1964,1996-01-19 00:00:00,1995-01-01 00:00:00,7147.8
1965,1996-08-01 00:00:00,1995-01-01 00:00:00,7149.8
1966,1997-07-31 00:00:00,1995-01-01 00:00:00,7168.9
1967,1998-07-31 00:00:00,1995-01-01 00:00:00,7170.8
1968,1999-10-28 00:00:00,1995-01-01 00:00:00,7297.5
1969,2003-12-10 00:00:00,1995-01-01 00:00:00,7298.3
1970,2009-07-31 00:00:00,1995-01-01 00:00:00,7307.7
1971,2013-07-31 00:00:00,1995-01-01 00:00:00,7545.3
1972,2017-10-27 00:00:00,1995-01-01 00:00:00,7545.296
1973,2018-07-27 00:00:00,1995-01-01 00:00:00,7522.289
1974,1995-07-28 00:00:00,1995-04-01 00:00:00,7011.8
1975,1995-08-30 00:00:00,1995-04-01 00:00:00,7024.9
1976,1995-09-29 00:00:00,1995-04-01 00:00:00,7030.0
1977,1996-01-19 00:00:00,1995-04-01 00:00:00,7196.5
1978,1996-08-01 00:00:00,1995-04-01 00:00:00,7204.9
1979,1997-07-31 00:00:00,1995-04-01 00:00:00,7209.5
1980,1998-07-31 00:00:00,1995-04-01 00:00:00,7210.9
1981,1999-10-28 00:00:00,1995-04-01 00:00:00,7342.6
1982,2003-12-10 00:00:00,1995-04-01 00:00:00,7337.7
1983,2009-07-31 00:00:00,1995-04-01 00:00:00,7355.8
1984,2013-07-31 00:00:00,1995-04-01 00:00:00,7604.9
1985,2017-10-27 00:00:00,1995-04-01 00:00:00,7604.923
1986,2018-07-27 00:00:00,1995-04-01 00:00:00,7580.997
1987,1995-10-27 00:00:00,1995-07-01 00:00:00,7113.2
1988,1996-01-19 00:00:00,1995-07-01 00:00:00,7297.2
1989,1996-02-23 00:00:00,1995-07-01 00:00:00,7298.5
1990,1996-08-01 00:00:00,1995-07-01 00:00:00,7309.8
1991,1997-07-31 00:00:00,1995-07-01 00:00:00,7301.3
1992,1998-07-31 00:00:00,1995-07-01 00:00:00,7304.8
1993,1999-10-28 00:00:00,1995-07-01 00:00:00,7432.8
1994,2003-12-10 00:00:00,1995-07-01 00:00:00,7432.1
1995,2009-07-31 00:00:00,1995-07-01 00:00:00,7452.5
1996,2013-07-31 00:00:00,1995-07-01 00:00:00,7706.5
1997,2017-10-27 00:00:00,1995-07-01 00:00:00,7706.531
1998,2018-07-27 00:00:00,1995-07-01 00:00:00,7683.125
1999,1996-02-23 00:00:00,1995-10-01 00:00:00,7348.1
2000,1996-04-02 00:00:00,1995-10-01 00:00:00,7340.4
2001,1996-08-01 00:00:00,1995-10-01 00:00:00,7350.6
2002,1997-07-31 00:00:00,1995-10-01 00:00:00,7381.9
2003,1998-07-31 00:00:00,1995-10-01 00:00:00,7391.9
2004,1999-10-28 00:00:00,1995-10-01 00:00:00,7529.3
2005,2003-12-10 00:00:00,1995-10-01 00:00:00,7522.5
2006,2009-07-31 00:00:00,1995-10-01 00:00:00,7542.5
2007,2013-07-31 00:00:00,1995-10-01 00:00:00,7799.5
2008,2017-10-27 00:00:00,1995-10-01 00:00:00,7799.493
2009,2018-07-27 00:00:00,1995-10-01 00:00:00,7772.586
2010,1996-05-02 00:00:00,1996-01-01 00:00:00,7430.7
2011,1996-05-30 00:00:00,1996-01-01 00:00:00,7421.4
2012,1996-06-28 00:00:00,1996-01-01 00:00:00,7417.8
2013,1996-08-01 00:00:00,1996-01-01 00:00:00,7426.8
2014,1997-07-31 00:00:00,1996-01-01 00:00:00,7467.5
2015,1998-07-31 00:00:00,1996-01-01 00:00:00,7495.3
2016,1999-10-28 00:00:00,1996-01-01 00:00:00,7629.6
2017,2003-12-10 00:00:00,1996-01-01 00:00:00,7624.1
2018,2009-07-31 00:00:00,1996-01-01 00:00:00,7638.2
2019,2013-07-31 00:00:00,1996-01-01 00:00:00,7893.1
2020,2017-10-27 00:00:00,1996-01-01 00:00:00,7893.146
2021,2018-07-27 00:00:00,1996-01-01 00:00:00,7868.468
2022,1996-08-01 00:00:00,1996-04-01 00:00:00,7538.1
2023,1996-08-29 00:00:00,1996-04-01 00:00:00,7547.6
2024,1996-09-27 00:00:00,1996-04-01 00:00:00,7545.1
2025,1997-07-31 00:00:00,1996-04-01 00:00:00,7607.7
2026,1998-07-31 00:00:00,1996-04-01 00:00:00,7629.2
2027,1999-10-28 00:00:00,1996-04-01 00:00:00,7782.7
2028,2003-12-10 00:00:00,1996-04-01 00:00:00,7776.6
2029,2009-07-31 00:00:00,1996-04-01 00:00:00,7800.0
2030,2013-07-31 00:00:00,1996-04-01 00:00:00,8061.5
2031,2017-10-27 00:00:00,1996-04-01 00:00:00,8061.535
2032,2018-07-27 00:00:00,1996-04-01 00:00:00,8032.84
2033,1996-10-30 00:00:00,1996-07-01 00:00:00,7616.0
2034,1996-11-27 00:00:00,1996-07-01 00:00:00,7611.8
2035,1996-12-20 00:00:00,1996-07-01 00:00:00,7616.3
2036,1997-07-31 00:00:00,1996-07-01 00:00:00,7676.0
2037,1998-07-31 00:00:00,1996-07-01 00:00:00,7703.4
2038,1999-10-28 00:00:00,1996-07-01 00:00:00,7859.0
2039,2003-12-10 00:00:00,1996-07-01 00:00:00,7866.2
2040,2009-07-31 00:00:00,1996-07-01 00:00:00,7892.7
2041,2013-07-31 00:00:00,1996-07-01 00:00:00,8159.0
2042,2017-10-27 00:00:00,1996-07-01 00:00:00,8159.043
2043,2018-07-27 00:00:00,1996-07-01 00:00:00,8131.408
2044,1997-01-31 00:00:00,1996-10-01 00:00:00,7731.7
2045,1997-02-28 00:00:00,1996-10-01 00:00:00,7715.4
2046,1997-03-28 00:00:00,1996-10-01 00:00:00,7716.1
2047,1997-07-31 00:00:00,1996-10-01 00:00:00,7792.9
2048,1998-07-31 00:00:00,1996-10-01 00:00:00,7818.4
2049,1999-10-28 00:00:00,1996-10-01 00:00:00,7981.4
2050,2003-12-10 00:00:00,1996-10-01 00:00:00,8000.4
2051,2009-07-31 00:00:00,1996-10-01 00:00:00,8023.0
2052,2013-07-31 00:00:00,1996-10-01 00:00:00,8287.0
2053,2014-07-30 00:00:00,1996-10-01 00:00:00,8287.1
2054,2017-10-27 00:00:00,1996-10-01 00:00:00,8287.078
2055,2018-07-27 00:00:00,1996-10-01 00:00:00,8259.771
2056,1997-04-30 00:00:00,1997-01-01 00:00:00,7866.0
2057,1997-05-30 00:00:00,1997-01-01 00:00:00,7867.7
2058,1997-06-27 00:00:00,1997-01-01 00:00:00,7871.0
2059,1997-07-31 00:00:00,1997-01-01 00:00:00,7933.6
2060,1998-07-31 00:00:00,1997-01-01 00:00:00,7955.0
2061,1999-10-28 00:00:00,1997-01-01 00:00:00,8125.9
2062,2000-07-28 00:00:00,1997-01-01 00:00:00,8124.2
2063,2003-12-10 00:00:00,1997-01-01 00:00:00,8113.8
2064,2009-07-31 00:00:00,1997-01-01 00:00:00,8137.0
2065,2013-07-31 00:00:00,1997-01-01 00:00:00,8402.0
2066,2014-07-30 00:00:00,1997-01-01 00:00:00,8402.1
2067,2017-10-27 00:00:00,1997-01-01 00:00:00,8402.06
2068,2018-07-27 00:00:00,1997-01-01 00:00:00,8362.655
2069,1997-07-31 00:00:00,1997-04-01 00:00:00,8004.8
2070,1997-08-28 00:00:00,1997-04-01 00:00:00,8035.2
2071,1997-09-26 00:00:00,1997-04-01 00:00:00,8034.3
2072,1998-07-31 00:00:00,1997-04-01 00:00:00,8063.4
2073,1999-10-28 00:00:00,1997-04-01 00:00:00,8259.5
2074,2000-07-28 00:00:00,1997-04-01 00:00:00,8279.8
2075,2003-12-10 00:00:00,1997-04-01 00:00:00,8250.4
2076,2009-07-31 00:00:00,1997-04-01 00:00:00,8276.8
2077,2013-07-31 00:00:00,1997-04-01 00:00:00,8551.9
2078,2017-10-27 00:00:00,1997-04-01 00:00:00,8551.94
2079,2018-07-27 00:00:00,1997-04-01 00:00:00,8518.825
2080,1997-10-31 00:00:00,1997-07-01 00:00:00,8131.7
2081,1997-11-26 00:00:00,1997-07-01 00:00:00,8128.8
2082,1997-12-23 00:00:00,1997-07-01 00:00:00,8124.3
2083,1998-07-31 00:00:00,1997-07-01 00:00:00,8170.8
2084,1999-10-28 00:00:00,1997-07-01 00:00:00,8364.5
2085,2000-07-28 00:00:00,1997-07-01 00:00:00,8390.9
2086,2003-12-10 00:00:00,1997-07-01 00:00:00,8381.9
2087,2009-07-31 00:00:00,1997-07-01 00:00:00,8409.9
2088,2013-07-31 00:00:00,1997-07-01 00:00:00,8691.7
2089,2014-07-30 00:00:00,1997-07-01 00:00:00,8691.8
2090,2017-10-27 00:00:00,1997-07-01 00:00:00,8691.756
2091,2018-07-27 00:00:00,1997-07-01 00:00:00,8662.823
2092,1998-01-30 00:00:00,1997-10-01 00:00:00,8241.5
2093,1998-02-27 00:00:00,1997-10-01 00:00:00,8231.8
2094,1998-03-26 00:00:00,1997-10-01 00:00:00,8227.4
2095,1998-07-31 00:00:00,1997-10-01 00:00:00,8254.5
2096,1999-10-28 00:00:00,1997-10-01 00:00:00,8453.0
2097,2000-07-28 00:00:00,1997-10-01 00:00:00,8478.6
2098,2003-12-10 00:00:00,1997-10-01 00:00:00,8471.2
2099,2009-07-31 00:00:00,1997-10-01 00:00:00,8505.7
2100,2013-07-31 00:00:00,1997-10-01 00:00:00,8788.3
2101,2017-10-27 00:00:00,1997-10-01 00:00:00,8788.32
2102,2018-07-27 00:00:00,1997-10-01 00:00:00,8765.907
2103,1998-04-30 00:00:00,1998-01-01 00:00:00,8332.2
2104,1998-05-28 00:00:00,1998-01-01 00:00:00,8344.9
2105,1998-06-25 00:00:00,1998-01-01 00:00:00,8359.3
2106,1998-07-31 00:00:00,1998-01-01 00:00:00,8384.2
2107,1999-10-28 00:00:00,1998-01-01 00:00:00,8610.6
2108,2000-07-28 00:00:00,1998-01-01 00:00:00,8634.7
2109,2001-07-27 00:00:00,1998-01-01 00:00:00,8627.8
2110,2003-12-10 00:00:00,1998-01-01 00:00:00,8586.7
2111,2009-07-31 00:00:00,1998-01-01 00:00:00,8600.6
2112,2013-07-31 00:00:00,1998-01-01 00:00:00,8889.7
2113,2017-10-27 00:00:00,1998-01-01 00:00:00,8889.732
2114,2018-07-27 00:00:00,1998-01-01 00:00:00,8866.48
2115,1998-07-31 00:00:00,1998-04-01 00:00:00,8431.7
2116,1998-08-27 00:00:00,1998-04-01 00:00:00,8435.2
2117,1998-09-24 00:00:00,1998-04-01 00:00:00,8440.6
2118,1999-10-28 00:00:00,1998-04-01 00:00:00,8683.7
2119,2000-07-28 00:00:00,1998-04-01 00:00:00,8722.0
2120,2001-07-27 00:00:00,1998-04-01 00:00:00,8697.3
2121,2003-12-10 00:00:00,1998-04-01 00:00:00,8657.9
2122,2009-07-31 00:00:00,1998-04-01 00:00:00,8698.6
2123,2013-07-31 00:00:00,1998-04-01 00:00:00,8994.7
2124,2017-10-27 00:00:00,1998-04-01 00:00:00,8994.738
2125,2018-07-27 00:00:00,1998-04-01 00:00:00,8969.699
2126,1998-10-30 00:00:00,1998-07-01 00:00:00,8526.5
2127,1998-11-24 00:00:00,1998-07-01 00:00:00,8538.6
2128,1998-12-23 00:00:00,1998-07-01 00:00:00,8537.9
2129,1999-10-28 00:00:00,1998-07-01 00:00:00,8797.9
2130,2000-07-28 00:00:00,1998-07-01 00:00:00,8829.1
2131,2001-07-27 00:00:00,1998-07-01 00:00:00,8816.5
2132,2003-12-10 00:00:00,1998-07-01 00:00:00,8789.5
2133,2009-07-31 00:00:00,1998-07-01 00:00:00,8847.2
2134,2013-07-31 00:00:00,1998-07-01 00:00:00,9146.5
2135,2017-10-27 00:00:00,1998-07-01 00:00:00,9146.521
2136,2018-07-27 00:00:00,1998-07-01 00:00:00,9121.097
2137,1999-01-29 00:00:00,1998-10-01 00:00:00,8672.8
2138,1999-02-26 00:00:00,1998-10-01 00:00:00,8680.0
2139,1999-03-31 00:00:00,1998-10-01 00:00:00,8681.2
2140,1999-10-28 00:00:00,1998-10-01 00:00:00,8947.6
2141,2000-07-28 00:00:00,1998-10-01 00:00:00,8974.9
2142,2001-07-27 00:00:00,1998-10-01 00:00:00,8984.5
2143,2003-12-10 00:00:00,1998-10-01 00:00:00,8953.8
2144,2009-07-31 00:00:00,1998-10-01 00:00:00,9027.5
2145,2013-07-31 00:00:00,1998-10-01 00:00:00,9325.6
2146,2014-07-30 00:00:00,1998-10-01 00:00:00,9325.7
2147,2017-10-27 00:00:00,1998-10-01 00:00:00,9325.65
2148,2018-07-27 00:00:00,1998-10-01 00:00:00,9293.991
2149,1999-04-30 00:00:00,1999-01-01 00:00:00,8807.9
2150,1999-05-27 00:00:00,1999-01-01 00:00:00,8799.7
2151,1999-06-25 00:00:00,1999-01-01 00:00:00,8808.7
2152,1999-10-28 00:00:00,1999-01-01 00:00:00,9072.7
2153,2000-07-28 00:00:00,1999-01-01 00:00:00,9104.5
2154,2001-07-27 00:00:00,1999-01-01 00:00:00,9093.1
2155,2002-07-31 00:00:00,1999-01-01 00:00:00,9092.7
2156,2003-12-10 00:00:00,1999-01-01 00:00:00,9066.6
2157,2009-07-31 00:00:00,1999-01-01 00:00:00,9148.6
2158,2013-07-31 00:00:00,1999-01-01 00:00:00,9450.3
2159,2014-07-30 00:00:00,1999-01-01 00:00:00,9447.1
2160,2017-10-27 00:00:00,1999-01-01 00:00:00,9447.103
2161,2018-07-27 00:00:00,1999-01-01 00:00:00,9417.264
2162,2021-07-29 00:00:00,1999-01-01 00:00:00,9411.682
2163,1999-07-29 00:00:00,1999-04-01 00:00:00,8893.3
2164,1999-08-26 00:00:00,1999-04-01 00:00:00,8881.9
2165,1999-09-30 00:00:00,1999-04-01 00:00:00,8873.4
2166,1999-10-28 00:00:00,1999-04-01 00:00:00,9146.2
2167,2000-07-28 00:00:00,1999-04-01 00:00:00,9191.5
2168,2001-07-27 00:00:00,1999-04-01 00:00:00,9161.4
2169,2002-07-31 00:00:00,1999-04-01 00:00:00,9171.7
2170,2003-12-10 00:00:00,1999-04-01 00:00:00,9174.1
2171,2009-07-31 00:00:00,1999-04-01 00:00:00,9252.6
2172,2013-07-31 00:00:00,1999-04-01 00:00:00,9561.5
2173,2014-07-30 00:00:00,1999-04-01 00:00:00,9557.0
2174,2017-10-27 00:00:00,1999-04-01 00:00:00,9557.005
2175,2018-07-27 00:00:00,1999-04-01 00:00:00,9524.152
2176,2021-07-29 00:00:00,1999-04-01 00:00:00,9526.21
2177,1999-10-28 00:00:00,1999-07-01 00:00:00,9276.3
2178,1999-11-24 00:00:00,1999-07-01 00:00:00,9295.3
2179,1999-12-22 00:00:00,1999-07-01 00:00:00,9297.8
2180,2000-07-28 00:00:00,1999-07-01 00:00:00,9340.9
2181,2001-07-27 00:00:00,1999-07-01 00:00:00,9297.4
2182,2002-07-31 00:00:00,1999-07-01 00:00:00,9316.5
2183,2003-12-10 00:00:00,1999-07-01 00:00:00,9313.5
2184,2009-07-31 00:00:00,1999-07-01 00:00:00,9405.1
2185,2013-07-31 00:00:00,1999-07-01 00:00:00,9718.7
2186,2014-07-30 00:00:00,1999-07-01 00:00:00,9712.3
2187,2017-10-27 00:00:00,1999-07-01 00:00:00,9712.28
2188,2018-07-27 00:00:00,1999-07-01 00:00:00,9681.856
2189,2021-07-29 00:00:00,1999-07-01 00:00:00,9686.626
2190,2000-01-28 00:00:00,1999-10-01 00:00:00,9477.1
2191,2000-02-25 00:00:00,1999-10-01 00:00:00,9501.6
2192,2000-03-30 00:00:00,1999-10-01 00:00:00,9507.9
2193,2000-07-28 00:00:00,1999-10-01 00:00:00,9559.7
2194,2001-07-27 00:00:00,1999-10-01 00:00:00,9522.5
2195,2002-07-31 00:00:00,1999-10-01 00:00:00,9516.4
2196,2003-12-10 00:00:00,1999-10-01 00:00:00,9519.5
2197,2009-07-31 00:00:00,1999-10-01 00:00:00,9607.7
2198,2013-07-31 00:00:00,1999-10-01 00:00:00,9932.3
2199,2014-07-30 00:00:00,1999-10-01 00:00:00,9926.1
2200,2017-10-27 00:00:00,1999-10-01 00:00:00,9926.101
2201,2018-07-27 00:00:00,1999-10-01 00:00:00,9899.378
2202,2021-07-29 00:00:00,1999-10-01 00:00:00,9900.169
2203,2000-04-27 00:00:00,2000-01-01 00:00:00,9697.2
2204,2000-05-25 00:00:00,2000-01-01 00:00:00,9697.6
2205,2000-06-29 00:00:00,2000-01-01 00:00:00,9707.0
2206,2000-07-28 00:00:00,2000-01-01 00:00:00,9752.7
2207,2001-07-27 00:00:00,2000-01-01 00:00:00,9668.7
2208,2002-07-31 00:00:00,2000-01-01 00:00:00,9649.5
2209,2003-12-10 00:00:00,2000-01-01 00:00:00,9629.4
2210,2009-07-31 00:00:00,2000-01-01 00:00:00,9709.5
2211,2013-07-31 00:00:00,2000-01-01 00:00:00,10036.1
2212,2014-07-30 00:00:00,2000-01-01 00:00:00,10031.0
2213,2017-10-27 00:00:00,2000-01-01 00:00:00,10031.031
2214,2018-07-27 00:00:00,2000-01-01 00:00:00,10002.857
2215,2021-07-29 00:00:00,2000-01-01 00:00:00,10002.179
2216,2000-07-28 00:00:00,2000-04-01 00:00:00,9937.3
2217,2000-08-25 00:00:00,2000-04-01 00:00:00,9942.9
2218,2000-09-28 00:00:00,2000-04-01 00:00:00,9945.7
2219,2001-07-27 00:00:00,2000-04-01 00:00:00,9857.6
2220,2002-07-31 00:00:00,2000-04-01 00:00:00,9820.7
2221,2003-12-10 00:00:00,2000-04-01 00:00:00,9822.8
2222,2009-07-31 00:00:00,2000-04-01 00:00:00,9949.1
2223,2013-07-31 00:00:00,2000-04-01 00:00:00,10283.7
2224,2014-07-30 00:00:00,2000-04-01 00:00:00,10278.3
2225,2017-10-27 00:00:00,2000-04-01 00:00:00,10278.34
2226,2018-07-27 00:00:00,2000-04-01 00:00:00,10247.679
2227,2021-07-29 00:00:00,2000-04-01 00:00:00,10247.72
2228,2000-10-27 00:00:00,2000-07-01 00:00:00,10063.3
2229,2000-11-29 00:00:00,2000-07-01 00:00:00,10052.2
2230,2000-12-21 00:00:00,2000-07-01 00:00:00,10039.4
2231,2001-07-27 00:00:00,2000-07-01 00:00:00,9937.5
2232,2002-07-31 00:00:00,2000-07-01 00:00:00,9874.8
2233,2003-12-10 00:00:00,2000-07-01 00:00:00,9862.1
2234,2009-07-31 00:00:00,2000-07-01 00:00:00,10017.5
2235,2013-07-31 00:00:00,2000-07-01 00:00:00,10363.8
2236,2014-07-30 00:00:00,2000-07-01 00:00:00,10357.4
2237,2017-10-27 00:00:00,2000-07-01 00:00:00,10357.445
2238,2018-07-27 00:00:00,2000-07-01 00:00:00,10319.825
2239,2021-07-29 00:00:00,2000-07-01 00:00:00,10318.165
2240,2001-01-31 00:00:00,2000-10-01 00:00:00,10125.0
2241,2001-02-28 00:00:00,2000-10-01 00:00:00,10112.8
2242,2001-03-29 00:00:00,2000-10-01 00:00:00,10114.4
2243,2001-07-27 00:00:00,2000-10-01 00:00:00,10027.9
2244,2002-07-31 00:00:00,2000-10-01 00:00:00,9953.6
2245,2009-07-31 00:00:00,2000-10-01 00:00:00,10129.8
2246,2013-07-31 00:00:00,2000-10-01 00:00:00,10475.3
2247,2014-07-30 00:00:00,2000-10-01 00:00:00,10472.3
2248,2017-10-27 00:00:00,2000-10-01 00:00:00,10472.285
2249,2018-07-27 00:00:00,2000-10-01 00:00:00,10439.025
2250,2021-07-29 00:00:00,2000-10-01 00:00:00,10435.744
2251,2001-04-27 00:00:00,2001-01-01 00:00:00,10243.6
2252,2001-05-25 00:00:00,2001-01-01 00:00:00,10229.4
2253,2001-06-29 00:00:00,2001-01-01 00:00:00,10226.8
2254,2001-07-27 00:00:00,2001-01-01 00:00:00,10141.7
2255,2002-07-31 00:00:00,2001-01-01 00:00:00,10028.1
2256,2003-12-10 00:00:00,2001-01-01 00:00:00,10024.8
2257,2004-07-30 00:00:00,2001-01-01 00:00:00,10021.5
2258,2009-07-31 00:00:00,2001-01-01 00:00:00,10165.1
2259,2013-07-31 00:00:00,2001-01-01 00:00:00,10512.5
2260,2014-07-30 00:00:00,2001-01-01 00:00:00,10508.1
2261,2017-10-27 00:00:00,2001-01-01 00:00:00,10508.121
2262,2018-07-27 00:00:00,2001-01-01 00:00:00,10472.879
2263,2021-07-29 00:00:00,2001-01-01 00:00:00,10470.231
2264,2001-07-27 00:00:00,2001-04-01 00:00:00,10217.6
2265,2001-08-29 00:00:00,2001-04-01 00:00:00,10201.6
2266,2001-09-28 00:00:00,2001-04-01 00:00:00,10202.6
2267,2002-07-31 00:00:00,2001-04-01 00:00:00,10049.9
2268,2003-12-10 00:00:00,2001-04-01 00:00:00,10088.2
2269,2004-07-30 00:00:00,2001-04-01 00:00:00,10128.9
2270,2009-07-31 00:00:00,2001-04-01 00:00:00,10301.3
2271,2013-07-31 00:00:00,2001-04-01 00:00:00,10641.6
2272,2014-07-30 00:00:00,2001-04-01 00:00:00,10638.4
2273,2017-10-27 00:00:00,2001-04-01 00:00:00,10638.384
2274,2018-07-27 00:00:00,2001-04-01 00:00:00,10597.822
2275,2021-07-29 00:00:00,2001-04-01 00:00:00,10599.0
2276,2001-10-31 00:00:00,2001-07-01 00:00:00,10247.7
2277,2001-11-30 00:00:00,2001-07-01 00:00:00,10229.7
2278,2001-12-21 00:00:00,2001-07-01 00:00:00,10224.9
2279,2002-07-31 00:00:00,2001-07-01 00:00:00,10097.7
2280,2003-12-10 00:00:00,2001-07-01 00:00:00,10096.2
2281,2004-07-30 00:00:00,2001-07-01 00:00:00,10135.1
2282,2009-07-31 00:00:00,2001-07-01 00:00:00,10305.2
2283,2013-07-31 00:00:00,2001-07-01 00:00:00,10644.3
2284,2014-07-30 00:00:00,2001-07-01 00:00:00,10639.5
2285,2017-10-27 00:00:00,2001-07-01 00:00:00,10639.486
2286,2018-07-27 00:00:00,2001-07-01 00:00:00,10596.294
2287,2021-07-29 00:00:00,2001-07-01 00:00:00,10598.02
2288,2002-01-30 00:00:00,2001-10-01 00:00:00,10221.6
2289,2002-02-28 00:00:00,2001-10-01 00:00:00,10253.2
2290,2002-03-28 00:00:00,2001-10-01 00:00:00,10263.3
2291,2002-07-31 00:00:00,2001-10-01 00:00:00,10152.9
2292,2003-12-10 00:00:00,2001-10-01 00:00:00,10193.9
2293,2004-07-30 00:00:00,2001-10-01 00:00:00,10226.3
2294,2009-07-31 00:00:00,2001-10-01 00:00:00,10373.1
2295,2013-07-31 00:00:00,2001-10-01 00:00:00,10702.7
2296,2014-07-30 00:00:00,2001-10-01 00:00:00,10701.3
2297,2017-10-27 00:00:00,2001-10-01 00:00:00,10701.317
2298,2018-07-27 00:00:00,2001-10-01 00:00:00,10660.294
2299,2021-07-29 00:00:00,2001-10-01 00:00:00,10660.465
2300,2002-04-26 00:00:00,2002-01-01 00:00:00,10431.3
2301,2002-05-24 00:00:00,2002-01-01 00:00:00,10428.8
2302,2002-06-27 00:00:00,2002-01-01 00:00:00,10449.8
2303,2002-07-31 00:00:00,2002-01-01 00:00:00,10313.1
2304,2003-12-10 00:00:00,2002-01-01 00:00:00,10329.3
2305,2004-07-30 00:00:00,2002-01-01 00:00:00,10338.2
2306,2005-07-29 00:00:00,2002-01-01 00:00:00,10333.3
2307,2009-07-31 00:00:00,2002-01-01 00:00:00,10498.7
2308,2013-07-31 00:00:00,2002-01-01 00:00:00,10837.3
2309,2014-07-30 00:00:00,2002-01-01 00:00:00,10834.4
2310,2017-10-27 00:00:00,2002-01-01 00:00:00,10834.445
2311,2018-07-27 00:00:00,2002-01-01 00:00:00,10788.952
2312,2021-07-29 00:00:00,2002-01-01 00:00:00,10783.5
2313,2002-07-31 00:00:00,2002-04-01 00:00:00,10369.9
2314,2002-08-29 00:00:00,2002-04-01 00:00:00,10371.0
2315,2002-09-27 00:00:00,2002-04-01 00:00:00,10376.9
2316,2003-12-10 00:00:00,2002-04-01 00:00:00,10428.3
2317,2004-07-30 00:00:00,2002-04-01 00:00:00,10445.7
2318,2005-07-29 00:00:00,2002-04-01 00:00:00,10426.6
2319,2009-07-31 00:00:00,2002-04-01 00:00:00,10601.9
2320,2013-07-31 00:00:00,2002-04-01 00:00:00,10938.0
2321,2014-07-30 00:00:00,2002-04-01 00:00:00,10934.8
2322,2017-10-27 00:00:00,2002-04-01 00:00:00,10934.752
2323,2018-07-27 00:00:00,2002-04-01 00:00:00,10893.207
2324,2021-07-29 00:00:00,2002-04-01 00:00:00,10887.46
2325,2002-10-31 00:00:00,2002-07-01 00:00:00,10486.1
2326,2002-11-26 00:00:00,2002-07-01 00:00:00,10503.7
2327,2002-12-20 00:00:00,2002-07-01 00:00:00,10506.2
2328,2003-12-10 00:00:00,2002-07-01 00:00:00,10542.0
2329,2004-07-30 00:00:00,2002-07-01 00:00:00,10546.5
2330,2005-07-29 00:00:00,2002-07-01 00:00:00,10527.4
2331,2009-07-31 00:00:00,2002-07-01 00:00:00,10701.7
2332,2013-07-31 00:00:00,2002-07-01 00:00:00,11039.8
2333,2014-07-30 00:00:00,2002-07-01 00:00:00,11037.1
2334,2017-10-27 00:00:00,2002-07-01 00:00:00,11037.057
2335,2018-07-27 00:00:00,2002-07-01 00:00:00,10992.051
2336,2021-07-29 00:00:00,2002-07-01 00:00:00,10984.04
2337,2003-01-30 00:00:00,2002-10-01 00:00:00,10572.3
2338,2003-02-28 00:00:00,2002-10-01 00:00:00,10586.3
2339,2003-03-27 00:00:00,2002-10-01 00:00:00,10588.8
2340,2003-12-10 00:00:00,2002-10-01 00:00:00,10623.7
2341,2004-07-30 00:00:00,2002-10-01 00:00:00,10617.5
2342,2005-07-29 00:00:00,2002-10-01 00:00:00,10591.1
2343,2009-07-31 00:00:00,2002-10-01 00:00:00,10766.9
2344,2013-07-31 00:00:00,2002-10-01 00:00:00,11105.7
2345,2014-07-30 00:00:00,2002-10-01 00:00:00,11103.8
2346,2017-10-27 00:00:00,2002-10-01 00:00:00,11103.834
2347,2018-07-27 00:00:00,2002-10-01 00:00:00,11071.463
2348,2021-07-29 00:00:00,2002-10-01 00:00:00,11061.433
2349,2003-04-25 00:00:00,2003-01-01 00:00:00,10697.6
2350,2003-05-29 00:00:00,2003-01-01 00:00:00,10704.2
2351,2003-06-26 00:00:00,2003-01-01 00:00:00,10688.4
2352,2003-12-10 00:00:00,2003-01-01 00:00:00,10735.8
2353,2004-07-30 00:00:00,2003-01-01 00:00:00,10744.6
2354,2005-07-29 00:00:00,2003-01-01 00:00:00,10717.0
2355,2006-07-28 00:00:00,2003-01-01 00:00:00,10705.6
2356,2009-07-31 00:00:00,2003-01-01 00:00:00,10888.4
2357,2011-07-29 00:00:00,2003-01-01 00:00:00,10887.4
2358,2013-07-31 00:00:00,2003-01-01 00:00:00,11230.8
2359,2014-07-30 00:00:00,2003-01-01 00:00:00,11230.1
2360,2017-10-27 00:00:00,2003-01-01 00:00:00,11230.078
2361,2018-07-27 00:00:00,2003-01-01 00:00:00,11183.507
2362,2021-07-29 00:00:00,2003-01-01 00:00:00,11174.129
2363,2003-07-31 00:00:00,2003-04-01 00:00:00,10777.3
2364,2003-08-28 00:00:00,2003-04-01 00:00:00,10793.9
2365,2003-09-26 00:00:00,2003-04-01 00:00:00,10802.7
2366,2003-12-10 00:00:00,2003-04-01 00:00:00,10846.7
2367,2004-07-30 00:00:00,2003-04-01 00:00:00,10884.0
2368,2005-07-29 00:00:00,2003-04-01 00:00:00,10844.6
2369,2006-07-28 00:00:00,2003-04-01 00:00:00,10831.8
2370,2009-07-31 00:00:00,2003-04-01 00:00:00,11008.1
2371,2011-07-29 00:00:00,2003-04-01 00:00:00,11011.6
2372,2013-07-31 00:00:00,2003-04-01 00:00:00,11371.4
2373,2014-07-30 00:00:00,2003-04-01 00:00:00,11370.7
2374,2017-10-27 00:00:00,2003-04-01 00:00:00,11370.653
2375,2018-07-27 00:00:00,2003-04-01 00:00:00,11312.875
2376,2021-07-29 00:00:00,2003-04-01 00:00:00,11312.766
2377,2003-10-30 00:00:00,2003-07-01 00:00:00,11038.4
2378,2003-11-25 00:00:00,2003-07-01 00:00:00,11063.4
2379,2003-12-10 00:00:00,2003-07-01 00:00:00,
2380,2003-12-23 00:00:00,2003-07-01 00:00:00,11107.0
2381,2004-07-30 00:00:00,2003-07-01 00:00:00,11116.7
2382,2005-07-29 00:00:00,2003-07-01 00:00:00,11087.4
2383,2006-07-28 00:00:00,2003-07-01 00:00:00,11086.1
2384,2009-07-31 00:00:00,2003-07-01 00:00:00,11255.7
2385,2011-07-29 00:00:00,2003-07-01 00:00:00,11255.1
2386,2013-07-31 00:00:00,2003-07-01 00:00:00,11628.4
2387,2014-07-30 00:00:00,2003-07-01 00:00:00,11625.1
2388,2017-10-27 00:00:00,2003-07-01 00:00:00,11625.137
2389,2018-07-27 00:00:00,2003-07-01 00:00:00,11567.326
2390,2021-07-29 00:00:00,2003-07-01 00:00:00,11566.669
2391,2004-01-30 00:00:00,2003-10-01 00:00:00,11246.3
2392,2004-02-27 00:00:00,2003-10-01 00:00:00,11252.3
2393,2004-03-25 00:00:00,2003-10-01 00:00:00,11262.0
2394,2004-07-30 00:00:00,2003-10-01 00:00:00,11270.9
2395,2005-07-29 00:00:00,2003-10-01 00:00:00,11236.0
2396,2006-07-28 00:00:00,2003-10-01 00:00:00,11219.5
2397,2009-07-31 00:00:00,2003-10-01 00:00:00,11416.5
2398,2011-07-29 00:00:00,2003-10-01 00:00:00,11414.8
2399,2013-07-31 00:00:00,2003-10-01 00:00:00,11818.5
2400,2014-07-30 00:00:00,2003-10-01 00:00:00,11816.8
2401,2017-10-27 00:00:00,2003-10-01 00:00:00,11816.827
2402,2018-07-27 00:00:00,2003-10-01 00:00:00,11769.275
2403,2021-07-29 00:00:00,2003-10-01 00:00:00,11772.234
2404,2004-04-29 00:00:00,2004-01-01 00:00:00,11447.8
2405,2004-05-27 00:00:00,2004-01-01 00:00:00,11459.6
2406,2004-06-25 00:00:00,2004-01-01 00:00:00,11451.2
2407,2004-07-30 00:00:00,2004-01-01 00:00:00,11472.6
2408,2005-07-29 00:00:00,2004-01-01 00:00:00,11457.1
2409,2006-07-28 00:00:00,2004-01-01 00:00:00,11430.9
2410,2007-07-27 00:00:00,2004-01-01 00:00:00,11405.5
2411,2009-07-31 00:00:00,2004-01-01 00:00:00,11597.2
2412,2011-07-29 00:00:00,2004-01-01 00:00:00,11589.9
2413,2013-07-31 00:00:00,2004-01-01 00:00:00,11991.4
2414,2014-07-30 00:00:00,2004-01-01 00:00:00,11988.4
2415,2017-10-27 00:00:00,2004-01-01 00:00:00,11988.403
2416,2018-07-27 00:00:00,2004-01-01 00:00:00,11920.169
2417,2021-07-29 00:00:00,2004-01-01 00:00:00,11923.447
2418,2004-07-30 00:00:00,2004-04-01 00:00:00,11649.3
2419,2004-08-27 00:00:00,2004-04-01 00:00:00,11643.1
2420,2004-09-29 00:00:00,2004-04-01 00:00:00,11657.5
2421,2005-07-29 00:00:00,2004-04-01 00:00:00,11666.1
2422,2006-07-28 00:00:00,2004-04-01 00:00:00,11649.3
2423,2007-07-27 00:00:00,2004-04-01 00:00:00,11610.3
2424,2009-07-31 00:00:00,2004-04-01 00:00:00,11778.4
2425,2011-07-29 00:00:00,2004-04-01 00:00:00,11762.9
2426,2013-07-31 00:00:00,2004-04-01 00:00:00,12183.5
2427,2014-07-30 00:00:00,2004-04-01 00:00:00,12181.4
2428,2017-10-27 00:00:00,2004-04-01 00:00:00,12181.398
2429,2018-07-27 00:00:00,2004-04-01 00:00:00,12108.987
2430,2021-07-29 00:00:00,2004-04-01 00:00:00,12112.815
2431,2004-10-29 00:00:00,2004-07-01 00:00:00,11803.5
2432,2004-11-30 00:00:00,2004-07-01 00:00:00,11810.0
2433,2004-12-22 00:00:00,2004-07-01 00:00:00,11814.9
2434,2005-07-29 00:00:00,2004-07-01 00:00:00,11818.8
2435,2006-07-28 00:00:00,2004-07-01 00:00:00,11799.4
2436,2007-07-27 00:00:00,2004-07-01 00:00:00,11779.4
2437,2009-07-31 00:00:00,2004-07-01 00:00:00,11950.5
2438,2011-07-29 00:00:00,2004-07-01 00:00:00,11936.3
2439,2013-07-31 00:00:00,2004-07-01 00:00:00,12369.4
2440,2014-07-30 00:00:00,2004-07-01 00:00:00,12367.7
2441,2017-10-27 00:00:00,2004-07-01 00:00:00,12367.744
2442,2018-07-27 00:00:00,2004-07-01 00:00:00,12303.34
2443,2021-07-29 00:00:00,2004-07-01 00:00:00,12305.307
2444,2005-01-28 00:00:00,2004-10-01 00:00:00,11967.0
2445,2005-02-25 00:00:00,2004-10-01 00:00:00,11988.9
2446,2005-03-30 00:00:00,2004-10-01 00:00:00,11994.8
2447,2005-07-29 00:00:00,2004-10-01 00:00:00,11995.2
2448,2006-07-28 00:00:00,2004-10-01 00:00:00,11970.3
2449,2007-07-27 00:00:00,2004-10-01 00:00:00,11948.5
2450,2009-07-31 00:00:00,2004-10-01 00:00:00,12144.9
2451,2011-07-29 00:00:00,2004-10-01 00:00:00,12123.9
2452,2013-07-31 00:00:00,2004-10-01 00:00:00,12563.8
2453,2014-07-30 00:00:00,2004-10-01 00:00:00,12562.2
2454,2017-10-27 00:00:00,2004-10-01 00:00:00,12562.163
2455,2018-07-27 00:00:00,2004-10-01 00:00:00,12522.425
2456,2021-07-29 00:00:00,2004-10-01 00:00:00,12527.214
2457,2005-04-28 00:00:00,2005-01-01 00:00:00,12182.7
2458,2005-05-26 00:00:00,2005-01-01 00:00:00,12191.7
2459,2005-07-29 00:00:00,2005-01-01 00:00:00,12198.8
2460,2006-07-28 00:00:00,2005-01-01 00:00:00,12173.2
2461,2007-07-27 00:00:00,2005-01-01 00:00:00,12154.0
2462,2008-07-31 00:00:00,2005-01-01 00:00:00,12155.4
2463,2009-07-31 00:00:00,2005-01-01 00:00:00,12379.5
2464,2011-07-29 00:00:00,2005-01-01 00:00:00,12361.8
2465,2013-07-31 00:00:00,2005-01-01 00:00:00,12816.2
2466,2014-07-30 00:00:00,2005-01-01 00:00:00,12813.7
2467,2017-10-27 00:00:00,2005-01-01 00:00:00,12813.729
2468,2018-07-27 00:00:00,2005-01-01 00:00:00,12761.337
2469,2021-07-29 00:00:00,2005-01-01 00:00:00,12767.286
2470,2005-07-29 00:00:00,2005-04-01 00:00:00,12376.2
2471,2005-08-31 00:00:00,2005-04-01 00:00:00,12373.1
2472,2005-09-29 00:00:00,2005-04-01 00:00:00,12378.0
2473,2006-07-28 00:00:00,2005-04-01 00:00:00,12346.1
2474,2007-07-27 00:00:00,2005-04-01 00:00:00,12317.4
2475,2008-07-31 00:00:00,2005-04-01 00:00:00,12297.5
2476,2009-07-31 00:00:00,2005-04-01 00:00:00,12516.8
2477,2011-07-29 00:00:00,2005-04-01 00:00:00,12500.0
2478,2013-07-31 00:00:00,2005-04-01 00:00:00,12975.7
2479,2014-07-30 00:00:00,2005-04-01 00:00:00,12974.1
2480,2017-10-27 00:00:00,2005-04-01 00:00:00,12974.083
2481,2018-07-27 00:00:00,2005-04-01 00:00:00,12910.022
2482,2021-07-29 00:00:00,2005-04-01 00:00:00,12922.656
2483,2005-10-28 00:00:00,2005-07-01 00:00:00,12589.6
2484,2005-11-30 00:00:00,2005-07-01 00:00:00,12601.0
2485,2005-12-21 00:00:00,2005-07-01 00:00:00,12605.7
2486,2006-07-28 00:00:00,2005-07-01 00:00:00,12573.5
2487,2007-07-27 00:00:00,2005-07-01 00:00:00,12558.8
2488,2008-07-31 00:00:00,2005-07-01 00:00:00,12538.2
2489,2009-07-31 00:00:00,2005-07-01 00:00:00,12741.6
2490,2011-07-29 00:00:00,2005-07-01 00:00:00,12728.6
2491,2013-07-31 00:00:00,2005-07-01 00:00:00,13206.5
2492,2014-07-30 00:00:00,2005-07-01 00:00:00,13205.4
2493,2017-10-27 00:00:00,2005-07-01 00:00:00,13205.445
2494,2018-07-27 00:00:00,2005-07-01 00:00:00,13142.873
2495,2021-07-29 00:00:00,2005-07-01 00:00:00,13142.642
2496,2006-01-27 00:00:00,2005-10-01 00:00:00,12735.3
2497,2006-02-28 00:00:00,2005-10-01 00:00:00,12760.4
2498,2006-03-30 00:00:00,2005-10-01 00:00:00,12766.1
2499,2006-07-28 00:00:00,2005-10-01 00:00:00,12730.5
2500,2007-07-27 00:00:00,2005-10-01 00:00:00,12705.5
2501,2008-07-31 00:00:00,2005-10-01 00:00:00,12696.4
2502,2009-07-31 00:00:00,2005-10-01 00:00:00,12915.6
2503,2011-07-29 00:00:00,2005-10-01 00:00:00,12901.4
2504,2013-07-31 00:00:00,2005-10-01 00:00:00,13383.3
2505,2014-07-30 00:00:00,2005-10-01 00:00:00,13381.6
2506,2017-10-27 00:00:00,2005-10-01 00:00:00,13381.629
2507,2018-07-27 00:00:00,2005-10-01 00:00:00,13332.316
2508,2021-07-29 00:00:00,2005-10-01 00:00:00,13324.204
2509,2006-04-28 00:00:00,2006-01-01 00:00:00,13020.9
2510,2006-05-25 00:00:00,2006-01-01 00:00:00,13037.4
2511,2006-06-29 00:00:00,2006-01-01 00:00:00,13042.3
2512,2006-07-28 00:00:00,2006-01-01 00:00:00,13008.4
2513,2007-07-27 00:00:00,2006-01-01 00:00:00,12964.6
2514,2008-07-31 00:00:00,2006-01-01 00:00:00,12959.6
2515,2009-07-31 00:00:00,2006-01-01 00:00:00,13183.5
2516,2011-07-29 00:00:00,2006-01-01 00:00:00,13161.4
2517,2013-07-31 00:00:00,2006-01-01 00:00:00,13649.8
2518,2014-07-30 00:00:00,2006-01-01 00:00:00,13648.9
2519,2017-10-27 00:00:00,2006-01-01 00:00:00,13648.904
2520,2018-07-27 00:00:00,2006-01-01 00:00:00,13603.933
2521,2021-07-29 00:00:00,2006-01-01 00:00:00,13599.16
2522,2006-07-28 00:00:00,2006-04-01 00:00:00,13193.9
2523,2006-08-30 00:00:00,2006-04-01 00:00:00,13209.7
2524,2006-09-28 00:00:00,2006-04-01 00:00:00,13197.3
2525,2007-07-27 00:00:00,2006-04-01 00:00:00,13155.0
2526,2008-07-31 00:00:00,2006-04-01 00:00:00,13134.1
2527,2009-07-31 00:00:00,2006-04-01 00:00:00,13347.8
2528,2011-07-29 00:00:00,2006-04-01 00:00:00,13330.4
2529,2013-07-31 00:00:00,2006-04-01 00:00:00,13802.9
2530,2014-07-30 00:00:00,2006-04-01 00:00:00,13799.8
2531,2017-10-27 00:00:00,2006-04-01 00:00:00,13799.794
2532,2018-07-27 00:00:00,2006-04-01 00:00:00,13749.806
2533,2021-07-29 00:00:00,2006-04-01 00:00:00,13753.424
2534,2006-10-27 00:00:00,2006-07-01 00:00:00,13308.3
2535,2006-11-29 00:00:00,2006-07-01 00:00:00,13327.1
2536,2006-12-21 00:00:00,2006-07-01 00:00:00,13322.6
2537,2007-07-27 00:00:00,2006-07-01 00:00:00,13266.9
2538,2008-07-31 00:00:00,2006-07-01 00:00:00,13249.6
2539,2009-07-31 00:00:00,2006-07-01 00:00:00,13452.9
2540,2011-07-29 00:00:00,2006-07-01 00:00:00,13432.8
2541,2013-07-31 00:00:00,2006-07-01 00:00:00,13910.5
2542,2014-07-30 00:00:00,2006-07-01 00:00:00,13908.5
2543,2017-10-27 00:00:00,2006-07-01 00:00:00,13908.498
2544,2018-07-27 00:00:00,2006-07-01 00:00:00,13867.469
2545,2021-07-29 00:00:00,2006-07-01 00:00:00,13870.188
2546,2007-01-31 00:00:00,2006-10-01 00:00:00,13487.2
2547,2007-02-28 00:00:00,2006-10-01 00:00:00,13449.9
2548,2007-03-29 00:00:00,2006-10-01 00:00:00,13458.2
2549,2007-07-27 00:00:00,2006-10-01 00:00:00,13392.3
2550,2008-07-31 00:00:00,2006-10-01 00:00:00,13370.1
2551,2009-07-31 00:00:00,2006-10-01 00:00:00,13611.5
2552,2011-07-29 00:00:00,2006-10-01 00:00:00,13584.2
2553,2013-07-31 00:00:00,2006-10-01 00:00:00,14068.4
2554,2014-07-30 00:00:00,2006-10-01 00:00:00,14066.4
2555,2017-10-27 00:00:00,2006-10-01 00:00:00,14066.37
2556,2018-07-27 00:00:00,2006-10-01 00:00:00,14037.228
2557,2021-07-29 00:00:00,2006-10-01 00:00:00,14039.56
2558,2007-04-27 00:00:00,2007-01-01 00:00:00,13632.6
2559,2007-05-31 00:00:00,2007-01-01 00:00:00,13613.0
2560,2007-06-28 00:00:00,2007-01-01 00:00:00,13620.2
2561,2007-07-27 00:00:00,2007-01-01 00:00:00,13551.9
2562,2008-07-31 00:00:00,2007-01-01 00:00:00,13510.9
2563,2009-07-31 00:00:00,2007-01-01 00:00:00,13795.6
2564,2010-07-30 00:00:00,2007-01-01 00:00:00,13789.5
2565,2011-07-29 00:00:00,2007-01-01 00:00:00,13758.5
2566,2013-07-31 00:00:00,2007-01-01 00:00:00,14235.0
2567,2014-07-30 00:00:00,2007-01-01 00:00:00,14233.2
2568,2017-10-27 00:00:00,2007-01-01 00:00:00,14233.226
2569,2018-07-27 00:00:00,2007-01-01 00:00:00,14208.569
2570,2021-07-29 00:00:00,2007-01-01 00:00:00,14215.651
2571,2007-07-27 00:00:00,2007-04-01 00:00:00,13755.9
2572,2007-08-30 00:00:00,2007-04-01 00:00:00,13774.7
2573,2007-09-27 00:00:00,2007-04-01 00:00:00,13768.8
2574,2008-07-31 00:00:00,2007-04-01 00:00:00,13737.5
2575,2009-07-31 00:00:00,2007-04-01 00:00:00,13997.2
2576,2010-07-30 00:00:00,2007-04-01 00:00:00,14008.2
2577,2011-07-29 00:00:00,2007-04-01 00:00:00,13976.8
2578,2013-07-31 00:00:00,2007-04-01 00:00:00,14424.5
2579,2014-07-30 00:00:00,2007-04-01 00:00:00,14422.3
2580,2017-10-27 00:00:00,2007-04-01 00:00:00,14422.313
2581,2018-07-27 00:00:00,2007-04-01 00:00:00,14382.363
2582,2021-07-29 00:00:00,2007-04-01 00:00:00,14402.082
2583,2007-10-31 00:00:00,2007-07-01 00:00:00,13926.7
2584,2007-11-29 00:00:00,2007-07-01 00:00:00,13967.3
2585,2007-12-20 00:00:00,2007-07-01 00:00:00,13970.5
2586,2008-07-31 00:00:00,2007-07-01 00:00:00,13950.6
2587,2009-07-31 00:00:00,2007-07-01 00:00:00,14179.9
2588,2010-07-30 00:00:00,2007-07-01 00:00:00,14158.2
2589,2011-07-29 00:00:00,2007-07-01 00:00:00,14126.2
2590,2013-07-31 00:00:00,2007-07-01 00:00:00,14571.9
2591,2014-07-30 00:00:00,2007-07-01 00:00:00,14569.7
2592,2017-10-27 00:00:00,2007-07-01 00:00:00,14569.675
2593,2018-07-27 00:00:00,2007-07-01 00:00:00,14535.003
2594,2021-07-29 00:00:00,2007-07-01 00:00:00,14564.117
2595,2008-01-30 00:00:00,2007-10-01 00:00:00,14080.8
2596,2008-02-28 00:00:00,2007-10-01 00:00:00,14084.1
2597,2008-03-27 00:00:00,2007-10-01 00:00:00,14074.2
2598,2008-07-31 00:00:00,2007-10-01 00:00:00,14031.2
2599,2009-07-31 00:00:00,2007-10-01 00:00:00,14337.9
2600,2010-07-30 00:00:00,2007-10-01 00:00:00,14291.3
2601,2011-07-29 00:00:00,2007-10-01 00:00:00,14253.2
2602,2013-07-31 00:00:00,2007-10-01 00:00:00,14690.0
2603,2014-07-30 00:00:00,2007-10-01 00:00:00,14685.3
2604,2017-10-27 00:00:00,2007-10-01 00:00:00,14685.33
2605,2018-07-27 00:00:00,2007-10-01 00:00:00,14681.501
2606,2021-07-29 00:00:00,2007-10-01 00:00:00,14715.058
2607,2008-04-30 00:00:00,2008-01-01 00:00:00,14185.2
2608,2008-05-29 00:00:00,2008-01-01 00:00:00,14195.6
2609,2008-06-26 00:00:00,2008-01-01 00:00:00,14201.1
2610,2008-07-31 00:00:00,2008-01-01 00:00:00,14150.8
2611,2009-07-31 00:00:00,2008-01-01 00:00:00,14373.9
2612,2010-07-30 00:00:00,2008-01-01 00:00:00,14328.4
2613,2011-07-29 00:00:00,2008-01-01 00:00:00,14273.9
2614,2013-07-31 00:00:00,2008-01-01 00:00:00,14672.9
2615,2014-07-30 00:00:00,2008-01-01 00:00:00,14668.4
2616,2017-10-27 00:00:00,2008-01-01 00:00:00,14668.445
2617,2018-07-27 00:00:00,2008-01-01 00:00:00,14651.039
2618,2021-07-29 00:00:00,2008-01-01 00:00:00,14706.538
2619,2008-07-31 00:00:00,2008-04-01 00:00:00,14256.5
2620,2008-08-28 00:00:00,2008-04-01 00:00:00,14312.5
2621,2008-09-26 00:00:00,2008-04-01 00:00:00,14294.5
2622,2009-07-31 00:00:00,2008-04-01 00:00:00,14497.8
2623,2010-07-30 00:00:00,2008-04-01 00:00:00,14471.8
2624,2011-07-29 00:00:00,2008-04-01 00:00:00,14415.5
2625,2013-07-31 00:00:00,2008-04-01 00:00:00,14817.1
2626,2014-07-30 00:00:00,2008-04-01 00:00:00,14813.0
2627,2017-10-27 00:00:00,2008-04-01 00:00:00,14812.974
2628,2018-07-27 00:00:00,2008-04-01 00:00:00,14805.611
2629,2021-07-29 00:00:00,2008-04-01 00:00:00,14865.701
2630,2008-10-30 00:00:00,2008-07-01 00:00:00,14429.2
2631,2008-11-25 00:00:00,2008-07-01 00:00:00,14420.5
2632,2008-12-23 00:00:00,2008-07-01 00:00:00,14412.8
2633,2009-07-31 00:00:00,2008-07-01 00:00:00,14546.7
2634,2010-07-30 00:00:00,2008-07-01 00:00:00,14484.9
2635,2011-07-29 00:00:00,2008-07-01 00:00:00,14395.1
2636,2013-07-31 00:00:00,2008-07-01 00:00:00,14844.3
2637,2014-07-30 00:00:00,2008-07-01 00:00:00,14843.0
2638,2017-10-27 00:00:00,2008-07-01 00:00:00,14842.983
2639,2018-07-27 00:00:00,2008-07-01 00:00:00,14835.187
2640,2021-07-29 00:00:00,2008-07-01 00:00:00,14898.999
2641,2009-01-30 00:00:00,2008-10-01 00:00:00,14264.6
2642,2009-02-27 00:00:00,2008-10-01 00:00:00,14200.3
2643,2009-07-31 00:00:00,2008-10-01 00:00:00,14347.3
2644,2010-07-30 00:00:00,2008-10-01 00:00:00,14191.2
2645,2011-07-29 00:00:00,2008-10-01 00:00:00,14081.7
2646,2013-07-31 00:00:00,2008-10-01 00:00:00,14546.7
2647,2014-07-30 00:00:00,2008-10-01 00:00:00,14549.9
2648,2017-10-27 00:00:00,2008-10-01 00:00:00,14549.949
2649,2018-07-27 00:00:00,2008-10-01 00:00:00,14559.543
2650,2021-07-29 00:00:00,2008-10-01 00:00:00,14608.208
2651,2023-09-28 00:00:00,2008-10-01 00:00:00,14608.209
2652,2009-04-29 00:00:00,2009-01-01 00:00:00,14075.5
2653,2009-05-29 00:00:00,2009-01-01 00:00:00,14089.7
2654,2009-06-25 00:00:00,2009-01-01 00:00:00,14097.2
2655,2009-07-31 00:00:00,2009-01-01 00:00:00,14178.0
2656,2010-07-30 00:00:00,2009-01-01 00:00:00,14049.7
2657,2011-07-29 00:00:00,2009-01-01 00:00:00,13893.7
2658,2012-07-27 00:00:00,2009-01-01 00:00:00,13923.4
2659,2013-07-31 00:00:00,2009-01-01 00:00:00,14381.2
2660,2014-07-30 00:00:00,2009-01-01 00:00:00,14383.9
2661,2017-10-27 00:00:00,2009-01-01 00:00:00,14383.885
2662,2018-07-27 00:00:00,2009-01-01 00:00:00,14394.547
2663,2021-07-29 00:00:00,2009-01-01 00:00:00,14430.901
2664,2023-09-28 00:00:00,2009-01-01 00:00:00,14430.902
2665,2009-07-31 00:00:00,2009-04-01 00:00:00,14149.8
2666,2009-08-27 00:00:00,2009-04-01 00:00:00,14143.3
2667,2009-09-30 00:00:00,2009-04-01 00:00:00,14151.2
2668,2010-07-30 00:00:00,2009-04-01 00:00:00,14034.5
2669,2011-07-29 00:00:00,2009-04-01 00:00:00,13854.1
2670,2012-07-27 00:00:00,2009-04-01 00:00:00,13885.4
2671,2013-07-31 00:00:00,2009-04-01 00:00:00,14342.1
2672,2014-07-30 00:00:00,2009-04-01 00:00:00,14340.4
2673,2017-10-27 00:00:00,2009-04-01 00:00:00,14340.417
2674,2018-07-27 00:00:00,2009-04-01 00:00:00,14352.85
2675,2021-07-29 00:00:00,2009-04-01 00:00:00,14381.236
2676,2009-10-29 00:00:00,2009-07-01 00:00:00,14301.5
2677,2009-11-24 00:00:00,2009-07-01 00:00:00,14266.3
2678,2009-12-22 00:00:00,2009-07-01 00:00:00,14242.1
2679,2010-07-30 00:00:00,2009-07-01 00:00:00,14114.7
2680,2011-07-29 00:00:00,2009-07-01 00:00:00,13920.5
2681,2012-07-27 00:00:00,2009-07-01 00:00:00,13952.2
2682,2013-07-31 00:00:00,2009-07-01 00:00:00,14384.4
2683,2014-07-30 00:00:00,2009-07-01 00:00:00,14384.1
2684,2017-10-27 00:00:00,2009-07-01 00:00:00,14384.145
2685,2018-07-27 00:00:00,2009-07-01 00:00:00,14420.312
2686,2021-07-29 00:00:00,2009-07-01 00:00:00,14448.882
2687,2010-01-29 00:00:00,2009-10-01 00:00:00,14463.4
2688,2010-02-26 00:00:00,2009-10-01 00:00:00,14461.7
2689,2010-03-26 00:00:00,2009-10-01 00:00:00,14453.8
2690,2010-07-30 00:00:00,2009-10-01 00:00:00,14277.3
2691,2011-07-29 00:00:00,2009-10-01 00:00:00,14087.4
2692,2012-07-27 00:00:00,2009-10-01 00:00:00,14133.6
2693,2013-07-31 00:00:00,2009-10-01 00:00:00,14564.1
2694,2014-07-30 00:00:00,2009-10-01 00:00:00,14566.5
2695,2017-10-27 00:00:00,2009-10-01 00:00:00,14566.511
2696,2018-07-27 00:00:00,2009-10-01 00:00:00,14628.021
2697,2021-07-29 00:00:00,2009-10-01 00:00:00,14651.248
2698,2023-09-28 00:00:00,2009-10-01 00:00:00,14651.249
2699,2010-04-30 00:00:00,2010-01-01 00:00:00,14601.4
2700,2010-06-25 00:00:00,2010-01-01 00:00:00,14592.4
2701,2010-07-30 00:00:00,2010-01-01 00:00:00,14446.4
2702,2011-07-29 00:00:00,2010-01-01 00:00:00,14277.9
2703,2012-07-27 00:00:00,2010-01-01 00:00:00,14270.3
2704,2013-07-31 00:00:00,2010-01-01 00:00:00,14672.5
2705,2014-07-30 00:00:00,2010-01-01 00:00:00,14681.1
2706,2017-10-27 00:00:00,2010-01-01 00:00:00,14681.063
2707,2018-07-27 00:00:00,2010-01-01 00:00:00,14721.35
2708,2021-07-29 00:00:00,2010-01-01 00:00:00,14764.611
2709,2023-09-28 00:00:00,2010-01-01 00:00:00,14764.61
2710,2010-07-30 00:00:00,2010-04-01 00:00:00,14597.7
2711,2010-08-27 00:00:00,2010-04-01 00:00:00,14575.0
2712,2010-09-30 00:00:00,2010-04-01 00:00:00,14578.7
2713,2011-07-29 00:00:00,2010-04-01 00:00:00,14467.8
2714,2012-07-27 00:00:00,2010-04-01 00:00:00,14413.5
2715,2013-07-31 00:00:00,2010-04-01 00:00:00,14879.2
2716,2014-07-30 00:00:00,2010-04-01 00:00:00,14888.6
2717,2018-07-27 00:00:00,2010-04-01 00:00:00,14926.098
2718,2021-07-29 00:00:00,2010-04-01 00:00:00,14980.193
2719,2010-10-29 00:00:00,2010-07-01 00:00:00,14730.2
2720,2010-11-23 00:00:00,2010-07-01 00:00:00,14750.2
2721,2010-12-22 00:00:00,2010-07-01 00:00:00,14745.1
2722,2011-07-29 00:00:00,2010-07-01 00:00:00,14605.5
2723,2012-07-27 00:00:00,2010-07-01 00:00:00,14576.0
2724,2013-07-31 00:00:00,2010-07-01 00:00:00,15049.8
2725,2014-07-30 00:00:00,2010-07-01 00:00:00,15057.7
2726,2017-10-27 00:00:00,2010-07-01 00:00:00,15057.66
2727,2018-07-27 00:00:00,2010-07-01 00:00:00,15079.917
2728,2021-07-29 00:00:00,2010-07-01 00:00:00,15141.605
2729,2023-09-28 00:00:00,2010-07-01 00:00:00,15141.607
2730,2011-01-28 00:00:00,2010-10-01 00:00:00,14870.4
2731,2011-02-25 00:00:00,2010-10-01 00:00:00,14861.0
2732,2011-03-25 00:00:00,2010-10-01 00:00:00,14871.4
2733,2011-07-29 00:00:00,2010-10-01 00:00:00,14755.0
2734,2012-07-27 00:00:00,2010-10-01 00:00:00,14735.9
2735,2013-07-31 00:00:00,2010-10-01 00:00:00,15231.7
2736,2014-07-30 00:00:00,2010-10-01 00:00:00,15230.2
2737,2017-10-27 00:00:00,2010-10-01 00:00:00,15230.208
2738,2018-07-27 00:00:00,2010-10-01 00:00:00,15240.843
2739,2021-07-29 00:00:00,2010-10-01 00:00:00,15309.471
2740,2023-09-28 00:00:00,2010-10-01 00:00:00,15309.474
2741,2011-04-28 00:00:00,2011-01-01 00:00:00,15006.4
2742,2011-05-26 00:00:00,2011-01-01 00:00:00,15010.3
2743,2011-06-24 00:00:00,2011-01-01 00:00:00,15018.1
2744,2011-07-29 00:00:00,2011-01-01 00:00:00,14867.8
2745,2012-07-27 00:00:00,2011-01-01 00:00:00,14814.9
2746,2013-07-31 00:00:00,2011-01-01 00:00:00,15242.9
2747,2014-07-30 00:00:00,2011-01-01 00:00:00,15238.4
2748,2017-10-27 00:00:00,2011-01-01 00:00:00,15238.371
2749,2018-07-27 00:00:00,2011-01-01 00:00:00,15285.828
2750,2021-07-29 00:00:00,2011-01-01 00:00:00,15351.444
2751,2023-09-28 00:00:00,2011-01-01 00:00:00,15351.448
2752,2011-07-29 00:00:00,2011-04-01 00:00:00,15003.8
2753,2011-08-26 00:00:00,2011-04-01 00:00:00,14996.8
2754,2011-09-29 00:00:00,2011-04-01 00:00:00,15012.8
2755,2012-07-27 00:00:00,2011-04-01 00:00:00,15003.6
2756,2013-07-31 00:00:00,2011-04-01 00:00:00,15461.9
2757,2014-07-30 00:00:00,2011-04-01 00:00:00,15460.9
2758,2017-10-27 00:00:00,2011-04-01 00:00:00,15460.926
2759,2018-07-27 00:00:00,2011-04-01 00:00:00,15496.189
2760,2021-07-29 00:00:00,2011-04-01 00:00:00,15557.535
2761,2023-09-28 00:00:00,2011-04-01 00:00:00,15557.539
2762,2011-10-27 00:00:00,2011-07-01 00:00:00,15198.6
2763,2011-11-22 00:00:00,2011-07-01 00:00:00,15180.9
2764,2011-12-22 00:00:00,2011-07-01 00:00:00,15176.1
2765,2012-07-27 00:00:00,2011-07-01 00:00:00,15163.2
2766,2013-07-31 00:00:00,2011-07-01 00:00:00,15611.8
2767,2014-07-30 00:00:00,2011-07-01 00:00:00,15587.1
2768,2017-10-27 00:00:00,2011-07-01 00:00:00,15587.125
2769,2018-07-27 00:00:00,2011-07-01 00:00:00,15591.85
2770,2021-07-29 00:00:00,2011-07-01 00:00:00,15647.681
2771,2023-09-28 00:00:00,2011-07-01 00:00:00,15647.68
2772,2012-01-27 00:00:00,2011-10-01 00:00:00,15294.3
2773,2012-02-29 00:00:00,2011-10-01 00:00:00,15320.8
2774,2012-03-29 00:00:00,2011-10-01 00:00:00,15319.4
2775,2012-07-27 00:00:00,2011-10-01 00:00:00,15321.0
2776,2013-07-31 00:00:00,2011-10-01 00:00:00,15818.7
2777,2014-07-30 00:00:00,2011-10-01 00:00:00,15785.3
2778,2017-10-27 00:00:00,2011-10-01 00:00:00,15785.312
2779,2018-07-27 00:00:00,2011-10-01 00:00:00,15796.46
2780,2021-07-29 00:00:00,2011-10-01 00:00:00,15842.267
2781,2023-09-28 00:00:00,2011-10-01 00:00:00,15842.259
2782,2012-04-27 00:00:00,2012-01-01 00:00:00,15461.8
2783,2012-05-31 00:00:00,2012-01-01 00:00:00,15454.0
2784,2012-06-28 00:00:00,2012-01-01 00:00:00,15467.8
2785,2012-07-27 00:00:00,2012-01-01 00:00:00,15478.3
2786,2013-07-31 00:00:00,2012-01-01 00:00:00,16041.6
2787,2014-07-30 00:00:00,2012-01-01 00:00:00,15956.5
2788,2015-07-30 00:00:00,2012-01-01 00:00:00,15973.9
2789,2017-10-27 00:00:00,2012-01-01 00:00:00,15973.881
2790,2018-07-27 00:00:00,2012-01-01 00:00:00,16019.758
2791,2021-07-29 00:00:00,2012-01-01 00:00:00,16068.824
2792,2023-09-28 00:00:00,2012-01-01 00:00:00,16068.805
2793,2012-07-27 00:00:00,2012-04-01 00:00:00,15595.9
2794,2012-08-29 00:00:00,2012-04-01 00:00:00,15606.1
2795,2012-09-27 00:00:00,2012-04-01 00:00:00,15585.6
2796,2013-07-31 00:00:00,2012-04-01 00:00:00,16160.4
2797,2014-07-30 00:00:00,2012-04-01 00:00:00,16094.7
2798,2015-07-30 00:00:00,2012-04-01 00:00:00,16121.9
2799,2017-10-27 00:00:00,2012-04-01 00:00:00,16121.851
2800,2018-07-27 00:00:00,2012-04-01 00:00:00,16152.257
2801,2021-07-29 00:00:00,2012-04-01 00:00:00,16207.13
2802,2023-09-28 00:00:00,2012-04-01 00:00:00,16207.115
2803,2012-10-26 00:00:00,2012-07-01 00:00:00,15775.7
2804,2012-11-29 00:00:00,2012-07-01 00:00:00,15797.4
2805,2012-12-20 00:00:00,2012-07-01 00:00:00,15811.0
2806,2013-07-31 00:00:00,2012-07-01 00:00:00,16356.0
2807,2014-07-30 00:00:00,2012-07-01 00:00:00,16268.9
2808,2015-07-30 00:00:00,2012-07-01 00:00:00,16227.9
2809,2017-10-27 00:00:00,2012-07-01 00:00:00,16227.939
2810,2018-07-27 00:00:00,2012-07-01 00:00:00,16257.151
2811,2021-07-29 00:00:00,2012-07-01 00:00:00,16319.54
2812,2023-09-28 00:00:00,2012-07-01 00:00:00,16319.541
2813,2013-01-30 00:00:00,2012-10-01 00:00:00,15829.0
2814,2013-02-28 00:00:00,2012-10-01 00:00:00,15851.2
2815,2013-03-28 00:00:00,2012-10-01 00:00:00,15864.1
2816,2013-07-31 00:00:00,2012-10-01 00:00:00,16420.3
2817,2014-07-30 00:00:00,2012-10-01 00:00:00,16332.5
2818,2015-07-30 00:00:00,2012-10-01 00:00:00,16297.3
2819,2017-10-27 00:00:00,2012-10-01 00:00:00,16297.349
2820,2018-07-27 00:00:00,2012-10-01 00:00:00,16358.863
2821,2021-07-29 00:00:00,2012-10-01 00:00:00,16420.386
2822,2023-09-28 00:00:00,2012-10-01 00:00:00,16420.419
2823,2013-04-26 00:00:00,2013-01-01 00:00:00,16010.2
2824,2013-05-30 00:00:00,2013-01-01 00:00:00,16004.5
2825,2013-06-26 00:00:00,2013-01-01 00:00:00,15984.1
2826,2013-07-31 00:00:00,2013-01-01 00:00:00,16535.3
2827,2014-07-30 00:00:00,2013-01-01 00:00:00,16502.4
2828,2015-07-30 00:00:00,2013-01-01 00:00:00,16440.7
2829,2016-07-29 00:00:00,2013-01-01 00:00:00,16475.4
2830,2017-10-27 00:00:00,2013-01-01 00:00:00,16475.44
2831,2018-07-27 00:00:00,2013-01-01 00:00:00,16569.591
2832,2021-07-29 00:00:00,2013-01-01 00:00:00,16629.05
2833,2023-09-28 00:00:00,2013-01-01 00:00:00,16648.189
2834,2013-07-31 00:00:00,2013-04-01 00:00:00,16633.4
2835,2013-08-29 00:00:00,2013-04-01 00:00:00,16667.9
2836,2013-09-26 00:00:00,2013-04-01 00:00:00,16661.0
2837,2014-07-30 00:00:00,2013-04-01 00:00:00,16619.2
2838,2015-07-30 00:00:00,2013-04-01 00:00:00,16526.8
2839,2016-07-29 00:00:00,2013-04-01 00:00:00,16541.4
2840,2017-10-27 00:00:00,2013-04-01 00:00:00,16541.39
2841,2018-07-27 00:00:00,2013-04-01 00:00:00,16637.926
2842,2021-07-29 00:00:00,2013-04-01 00:00:00,16699.551
2843,2023-09-28 00:00:00,2013-04-01 00:00:00,16728.687
2844,2013-11-07 00:00:00,2013-07-01 00:00:00,16857.6
2845,2013-12-05 00:00:00,2013-07-01 00:00:00,16890.8
2846,2013-12-20 00:00:00,2013-07-01 00:00:00,16912.9
2847,2014-07-30 00:00:00,2013-07-01 00:00:00,16872.3
2848,2015-07-30 00:00:00,2013-07-01 00:00:00,16727.5
2849,2016-07-29 00:00:00,2013-07-01 00:00:00,16749.3
2850,2017-10-27 00:00:00,2013-07-01 00:00:00,16749.349
2851,2018-07-27 00:00:00,2013-07-01 00:00:00,16848.748
2852,2021-07-29 00:00:00,2013-07-01 00:00:00,16911.068
2853,2023-09-28 00:00:00,2013-07-01 00:00:00,16953.838
2854,2014-01-30 00:00:00,2013-10-01 00:00:00,17102.5
2855,2014-02-28 00:00:00,2013-10-01 00:00:00,17080.7
2856,2014-03-27 00:00:00,2013-10-01 00:00:00,17089.6
2857,2014-07-30 00:00:00,2013-10-01 00:00:00,17078.3
2858,2015-07-30 00:00:00,2013-10-01 00:00:00,16957.6
2859,2016-07-29 00:00:00,2013-10-01 00:00:00,16999.9
2860,2017-10-27 00:00:00,2013-10-01 00:00:00,16999.888
2861,2018-07-27 00:00:00,2013-10-01 00:00:00,17083.137
2862,2021-07-29 00:00:00,2013-10-01 00:00:00,17133.114
2863,2023-09-28 00:00:00,2013-10-01 00:00:00,17192.019
2864,2014-04-30 00:00:00,2014-01-01 00:00:00,17149.6
2865,2014-05-29 00:00:00,2014-01-01 00:00:00,17101.3
2866,2014-06-25 00:00:00,2014-01-01 00:00:00,17016.0
2867,2014-07-30 00:00:00,2014-01-01 00:00:00,17044.0
2868,2015-07-30 00:00:00,2014-01-01 00:00:00,16984.3
2869,2016-07-29 00:00:00,2014-01-01 00:00:00,17025.2
2870,2017-07-28 00:00:00,2014-01-01 00:00:00,17031.3
2871,2017-10-27 00:00:00,2014-01-01 00:00:00,17031.324
2872,2018-07-27 00:00:00,2014-01-01 00:00:00,17102.932
2873,2019-07-26 00:00:00,2014-01-01 00:00:00,17104.555
2874,2021-07-29 00:00:00,2014-01-01 00:00:00,17144.281
2875,2023-09-28 00:00:00,2014-01-01 00:00:00,17197.738
2876,2014-07-30 00:00:00,2014-04-01 00:00:00,17294.7
2877,2014-08-28 00:00:00,2014-04-01 00:00:00,17311.3
2878,2014-09-26 00:00:00,2014-04-01 00:00:00,17328.2
2879,2015-07-30 00:00:00,2014-04-01 00:00:00,17270.0
2880,2016-07-29 00:00:00,2014-04-01 00:00:00,17285.6
2881,2017-07-28 00:00:00,2014-04-01 00:00:00,17320.9
2882,2017-10-27 00:00:00,2014-04-01 00:00:00,17320.921
2883,2018-07-27 00:00:00,2014-04-01 00:00:00,17425.766
2884,2019-07-26 00:00:00,2014-04-01 00:00:00,17432.909
2885,2021-07-29 00:00:00,2014-04-01 00:00:00,17462.703
2886,2023-09-28 00:00:00,2014-04-01 00:00:00,17518.508
2887,2014-10-30 00:00:00,2014-07-01 00:00:00,17535.4
2888,2014-11-25 00:00:00,2014-07-01 00:00:00,17555.2
2889,2014-12-23 00:00:00,2014-07-01 00:00:00,17599.8
2890,2015-07-30 00:00:00,2014-07-01 00:00:00,17522.1
2891,2016-07-29 00:00:00,2014-07-01 00:00:00,17569.4
2892,2017-07-28 00:00:00,2014-07-01 00:00:00,17622.3
2893,2017-10-27 00:00:00,2014-07-01 00:00:00,17622.257
2894,2018-07-27 00:00:00,2014-07-01 00:00:00,17719.836
2895,2019-07-26 00:00:00,2014-07-01 00:00:00,17721.657
2896,2021-07-29 00:00:00,2014-07-01 00:00:00,17743.227
2897,2023-09-28 00:00:00,2014-07-01 00:00:00,17804.228
2898,2015-01-30 00:00:00,2014-10-01 00:00:00,17710.7
2899,2015-02-27 00:00:00,2014-10-01 00:00:00,17701.3
2900,2015-03-27 00:00:00,2014-10-01 00:00:00,17703.7
2901,2015-07-30 00:00:00,2014-10-01 00:00:00,17615.9
2902,2016-07-29 00:00:00,2014-10-01 00:00:00,17692.2
2903,2017-07-28 00:00:00,2014-10-01 00:00:00,17735.9
2904,2017-10-27 00:00:00,2014-10-01 00:00:00,17735.933
2905,2018-07-27 00:00:00,2014-10-01 00:00:00,17838.454
2906,2019-07-26 00:00:00,2014-10-01 00:00:00,17849.912
2907,2021-07-29 00:00:00,2014-10-01 00:00:00,17852.54
2908,2023-09-28 00:00:00,2014-10-01 00:00:00,17912.079
2909,2015-04-29 00:00:00,2015-01-01 00:00:00,17710.0
2910,2015-05-29 00:00:00,2015-01-01 00:00:00,17665.0
2911,2015-06-24 00:00:00,2015-01-01 00:00:00,17693.3
2912,2015-07-30 00:00:00,2015-01-01 00:00:00,17649.3
2913,2016-07-29 00:00:00,2015-01-01 00:00:00,17783.6
2914,2017-07-28 00:00:00,2015-01-01 00:00:00,17874.7
2915,2017-10-27 00:00:00,2015-01-01 00:00:00,17874.715
2916,2018-07-27 00:00:00,2015-01-01 00:00:00,17970.422
2917,2019-07-26 00:00:00,2015-01-01 00:00:00,17984.178
2918,2020-07-30 00:00:00,2015-01-01 00:00:00,18003.399
2919,2021-07-29 00:00:00,2015-01-01 00:00:00,17991.348
2920,2023-09-28 00:00:00,2015-01-01 00:00:00,18063.529
2921,2015-07-30 00:00:00,2015-04-01 00:00:00,17840.5
2922,2015-08-27 00:00:00,2015-04-01 00:00:00,17902.0
2923,2015-09-25 00:00:00,2015-04-01 00:00:00,17913.7
2924,2016-07-29 00:00:00,2015-04-01 00:00:00,17998.3
2925,2017-07-28 00:00:00,2015-04-01 00:00:00,18093.2
2926,2017-10-27 00:00:00,2015-04-01 00:00:00,18093.224
2927,2018-07-27 00:00:00,2015-04-01 00:00:00,18221.299
2928,2019-07-26 00:00:00,2015-04-01 00:00:00,18219.405
2929,2020-07-30 00:00:00,2015-04-01 00:00:00,18223.577
2930,2021-07-29 00:00:00,2015-04-01 00:00:00,18193.707
2931,2023-09-28 00:00:00,2015-04-01 00:00:00,18279.784
2932,2015-10-29 00:00:00,2015-07-01 00:00:00,18034.8
2933,2015-11-24 00:00:00,2015-07-01 00:00:00,18064.7
2934,2015-12-22 00:00:00,2015-07-01 00:00:00,18060.2
2935,2016-07-29 00:00:00,2015-07-01 00:00:00,18141.9
2936,2017-07-28 00:00:00,2015-07-01 00:00:00,18227.7
2937,2017-10-27 00:00:00,2015-07-01 00:00:00,18227.689
2938,2018-07-27 00:00:00,2015-07-01 00:00:00,18331.093
2939,2019-07-26 00:00:00,2015-07-01 00:00:00,18344.713
2940,2020-07-30 00:00:00,2015-07-01 00:00:00,18347.425
2941,2021-07-29 00:00:00,2015-07-01 00:00:00,18306.96
2942,2023-09-28 00:00:00,2015-07-01 00:00:00,18401.626
2943,2016-01-29 00:00:00,2015-10-01 00:00:00,18128.2
2944,2016-02-26 00:00:00,2015-10-01 00:00:00,18148.4
2945,2016-03-25 00:00:00,2015-10-01 00:00:00,18164.8
2946,2016-07-29 00:00:00,2015-10-01 00:00:00,18222.8
2947,2017-07-28 00:00:00,2015-10-01 00:00:00,18287.2
2948,2017-10-27 00:00:00,2015-10-01 00:00:00,18287.226
2949,2018-07-27 00:00:00,2015-10-01 00:00:00,18354.372
2950,2019-07-26 00:00:00,2015-10-01 00:00:00,18350.825
2951,2020-07-30 00:00:00,2015-10-01 00:00:00,18378.803
2952,2021-07-29 00:00:00,2015-10-01 00:00:00,18332.079
2953,2023-09-28 00:00:00,2015-10-01 00:00:00,18435.137
2954,2016-04-28 00:00:00,2016-01-01 00:00:00,18221.1
2955,2016-05-27 00:00:00,2016-01-01 00:00:00,18229.5
2956,2016-06-28 00:00:00,2016-01-01 00:00:00,18230.1
2957,2016-07-29 00:00:00,2016-01-01 00:00:00,18281.6
2958,2017-07-28 00:00:00,2016-01-01 00:00:00,18325.2
2959,2017-10-27 00:00:00,2016-01-01 00:00:00,18325.187
2960,2018-07-27 00:00:00,2016-01-01 00:00:00,18409.13
2961,2019-07-26 00:00:00,2016-01-01 00:00:00,18424.283
2962,2020-07-30 00:00:00,2016-01-01 00:00:00,18470.156
2963,2021-07-29 00:00:00,2016-01-01 00:00:00,18425.306
2964,2023-09-28 00:00:00,2016-01-01 00:00:00,18525.933
2965,2016-07-29 00:00:00,2016-04-01 00:00:00,18437.6
2966,2016-08-26 00:00:00,2016-04-01 00:00:00,18436.5
2967,2016-09-29 00:00:00,2016-04-01 00:00:00,18450.1
2968,2017-07-28 00:00:00,2016-04-01 00:00:00,18538.0
2969,2017-10-27 00:00:00,2016-04-01 00:00:00,18538.039
2970,2018-07-27 00:00:00,2016-04-01 00:00:00,18640.732
2971,2019-07-26 00:00:00,2016-04-01 00:00:00,18637.253
2972,2020-07-30 00:00:00,2016-04-01 00:00:00,18656.207
2973,2021-07-29 00:00:00,2016-04-01 00:00:00,18611.617
2974,2023-09-28 00:00:00,2016-04-01 00:00:00,18711.702
2975,2016-10-28 00:00:00,2016-07-01 00:00:00,18651.2
2976,2016-11-29 00:00:00,2016-07-01 00:00:00,18657.9
2977,2016-12-22 00:00:00,2016-07-01 00:00:00,18675.3
2978,2017-07-28 00:00:00,2016-07-01 00:00:00,18729.1
2979,2017-10-27 00:00:00,2016-07-01 00:00:00,18729.13
2980,2018-07-27 00:00:00,2016-07-01 00:00:00,18799.648
2981,2019-07-26 00:00:00,2016-07-01 00:00:00,18806.743
2982,2020-07-30 00:00:00,2016-07-01 00:00:00,18821.359
2983,2021-07-29 00:00:00,2016-07-01 00:00:00,18775.459
2984,2023-09-28 00:00:00,2016-07-01 00:00:00,18892.639
2985,2017-01-27 00:00:00,2016-10-01 00:00:00,18860.8
2986,2017-02-28 00:00:00,2016-10-01 00:00:00,18855.5
2987,2017-03-30 00:00:00,2016-10-01 00:00:00,18869.4
2988,2017-07-28 00:00:00,2016-10-01 00:00:00,18905.5
2989,2017-10-27 00:00:00,2016-10-01 00:00:00,18905.545
2990,2018-07-27 00:00:00,2016-10-01 00:00:00,18979.245
2991,2019-07-26 00:00:00,2016-10-01 00:00:00,18991.883
2992,2020-07-30 00:00:00,2016-10-01 00:00:00,19032.58
2993,2021-07-29 00:00:00,2016-10-01 00:00:00,18968.041
2994,2023-09-28 00:00:00,2016-10-01 00:00:00,19089.379
2995,2017-04-28 00:00:00,2017-01-01 00:00:00,19007.3
2996,2017-05-26 00:00:00,2017-01-01 00:00:00,19027.6
2997,2017-06-29 00:00:00,2017-01-01 00:00:00,19027.1
2998,2017-07-28 00:00:00,2017-01-01 00:00:00,19057.7
2999,2017-10-27 00:00:00,2017-01-01 00:00:00,19057.705
3000,2018-07-27 00:00:00,2017-01-01 00:00:00,19162.55
3001,2019-07-26 00:00:00,2017-01-01 00:00:00,19190.431
3002,2020-07-30 00:00:00,2017-01-01 00:00:00,19237.435
3003,2021-07-29 00:00:00,2017-01-01 00:00:00,19153.912
3004,2022-09-29 00:00:00,2017-01-01 00:00:00,19148.194
3005,2023-09-28 00:00:00,2017-01-01 00:00:00,19280.084
3006,2017-07-28 00:00:00,2017-04-01 00:00:00,19226.7
3007,2017-08-30 00:00:00,2017-04-01 00:00:00,19246.7
3008,2017-09-28 00:00:00,2017-04-01 00:00:00,19250.0
3009,2017-10-27 00:00:00,2017-04-01 00:00:00,19250.009
3010,2018-07-27 00:00:00,2017-04-01 00:00:00,19359.123
3011,2019-07-26 00:00:00,2017-04-01 00:00:00,19356.649
3012,2020-07-30 00:00:00,2017-04-01 00:00:00,19379.232
3013,2021-07-29 00:00:00,2017-04-01 00:00:00,19322.92
3014,2022-09-29 00:00:00,2017-04-01 00:00:00,19304.506
3015,2023-09-28 00:00:00,2017-04-01 00:00:00,19438.643
3016,2017-10-27 00:00:00,2017-07-01 00:00:00,19495.476
3017,2017-11-29 00:00:00,2017-07-01 00:00:00,19508.986
3018,2017-12-21 00:00:00,2017-07-01 00:00:00,19500.602
3019,2018-07-27 00:00:00,2017-07-01 00:00:00,19588.074
3020,2019-07-26 00:00:00,2017-07-01 00:00:00,19611.704
3021,2020-07-30 00:00:00,2017-07-01 00:00:00,19617.288
3022,2021-07-29 00:00:00,2017-07-01 00:00:00,19558.693
3023,2022-09-29 00:00:00,2017-07-01 00:00:00,19561.896
3024,2023-09-28 00:00:00,2017-07-01 00:00:00,19692.595
3025,2018-01-26 00:00:00,2017-10-01 00:00:00,19738.887
3026,2018-02-28 00:00:00,2017-10-01 00:00:00,19736.491
3027,2018-03-28 00:00:00,2017-10-01 00:00:00,19754.102
3028,2018-07-27 00:00:00,2017-10-01 00:00:00,19831.829
3029,2019-07-26 00:00:00,2017-10-01 00:00:00,19918.91
3030,2020-07-30 00:00:00,2017-10-01 00:00:00,19937.963
3031,2021-07-29 00:00:00,2017-10-01 00:00:00,19882.965
3032,2022-09-29 00:00:00,2017-10-01 00:00:00,19894.75
3033,2023-09-28 00:00:00,2017-10-01 00:00:00,20037.088
3034,2018-04-27 00:00:00,2018-01-01 00:00:00,19965.326
3035,2018-05-30 00:00:00,2018-01-01 00:00:00,19956.811
3036,2018-06-28 00:00:00,2018-01-01 00:00:00,19960.097
3037,2018-07-27 00:00:00,2018-01-01 00:00:00,20041.047
3038,2019-07-26 00:00:00,2018-01-01 00:00:00,20163.159
3039,2020-07-30 00:00:00,2018-01-01 00:00:00,20242.215
3040,2021-07-29 00:00:00,2018-01-01 00:00:00,20143.716
3041,2022-09-29 00:00:00,2018-01-01 00:00:00,20155.486
3042,2023-09-28 00:00:00,2018-01-01 00:00:00,20328.553
3043,2018-07-27 00:00:00,2018-04-01 00:00:00,20402.502
3044,2018-08-29 00:00:00,2018-04-01 00:00:00,20411.87
3045,2018-09-27 00:00:00,2018-04-01 00:00:00,20411.924
3046,2019-07-26 00:00:00,2018-04-01 00:00:00,20510.177
3047,2020-07-30 00:00:00,2018-04-01 00:00:00,20552.653
3048,2021-07-29 00:00:00,2018-04-01 00:00:00,20492.492
3049,2022-09-29 00:00:00,2018-04-01 00:00:00,20470.197
3050,2023-09-28 00:00:00,2018-04-01 00:00:00,20580.912
3051,2018-10-26 00:00:00,2018-07-01 00:00:00,20659.029
3052,2018-11-28 00:00:00,2018-07-01 00:00:00,20660.34
3053,2018-12-21 00:00:00,2018-07-01 00:00:00,20658.204
3054,2019-07-26 00:00:00,2018-07-01 00:00:00,20749.752
3055,2020-07-30 00:00:00,2018-07-01 00:00:00,20742.723
3056,2021-07-29 00:00:00,2018-07-01 00:00:00,20659.102
3057,2022-09-29 00:00:00,2018-07-01 00:00:00,20687.278
3058,2023-09-28 00:00:00,2018-07-01 00:00:00,20798.73
3059,2019-02-28 00:00:00,2018-10-01 00:00:00,20891.367
3060,2019-03-28 00:00:00,2018-10-01 00:00:00,20865.14
3061,2019-07-26 00:00:00,2018-10-01 00:00:00,20897.804
3062,2020-07-30 00:00:00,2018-10-01 00:00:00,20909.853
3063,2021-07-29 00:00:00,2018-10-01 00:00:00,20813.325
3064,2022-09-29 00:00:00,2018-10-01 00:00:00,20819.269
3065,2023-09-28 00:00:00,2018-10-01 00:00:00,20917.867
3066,2019-04-26 00:00:00,2019-01-01 00:00:00,21062.691
3067,2019-05-30 00:00:00,2019-01-01 00:00:00,21048.839
3068,2019-06-27 00:00:00,2019-01-01 00:00:00,21060.062
3069,2019-07-26 00:00:00,2019-01-01 00:00:00,21098.827
3070,2020-07-30 00:00:00,2019-01-01 00:00:00,21115.309
3071,2021-07-29 00:00:00,2019-01-01 00:00:00,21001.591
3072,2022-09-29 00:00:00,2019-01-01 00:00:00,21013.085
3073,2023-09-28 00:00:00,2019-01-01 00:00:00,21104.133
3074,2024-09-26 00:00:00,2019-01-01 00:00:00,21111.6
3075,2019-07-26 00:00:00,2019-04-01 00:00:00,21337.898
3076,2019-08-29 00:00:00,2019-04-01 00:00:00,21339.121
3077,2019-09-26 00:00:00,2019-04-01 00:00:00,21340.267
3078,2020-07-30 00:00:00,2019-04-01 00:00:00,21329.877
3079,2021-07-29 00:00:00,2019-04-01 00:00:00,21289.268
3080,2022-09-29 00:00:00,2019-04-01 00:00:00,21272.448
3081,2023-09-28 00:00:00,2019-04-01 00:00:00,21384.775
3082,2024-09-26 00:00:00,2019-04-01 00:00:00,21397.938
3083,2019-10-30 00:00:00,2019-07-01 00:00:00,21525.819
3084,2019-11-27 00:00:00,2019-07-01 00:00:00,21542.104
3085,2019-12-20 00:00:00,2019-07-01 00:00:00,21542.54
3086,2020-07-30 00:00:00,2019-07-01 00:00:00,21540.325
3087,2021-07-29 00:00:00,2019-07-01 00:00:00,21505.012
3088,2022-09-29 00:00:00,2019-07-01 00:00:00,21531.839
3089,2023-09-28 00:00:00,2019-07-01 00:00:00,21694.282
3090,2024-09-26 00:00:00,2019-07-01 00:00:00,21717.171
3091,2020-01-30 00:00:00,2019-10-01 00:00:00,21734.266
3092,2020-02-27 00:00:00,2019-10-01 00:00:00,21726.779
3093,2020-03-26 00:00:00,2019-10-01 00:00:00,21729.124
3094,2020-07-30 00:00:00,2019-10-01 00:00:00,21747.394
3095,2021-07-29 00:00:00,2019-10-01 00:00:00,21694.458
3096,2022-09-29 00:00:00,2019-10-01 00:00:00,21706.532
3097,2023-09-28 00:00:00,2019-10-01 00:00:00,21902.39
3098,2024-09-26 00:00:00,2019-10-01 00:00:00,21933.217
3099,2020-04-29 00:00:00,2020-01-01 00:00:00,21537.94
3100,2020-05-28 00:00:00,2020-01-01 00:00:00,21534.907
3101,2020-06-25 00:00:00,2020-01-01 00:00:00,21539.689
3102,2020-07-30 00:00:00,2020-01-01 00:00:00,21561.139
3103,2021-07-29 00:00:00,2020-01-01 00:00:00,21481.367
3104,2022-09-29 00:00:00,2020-01-01 00:00:00,21538.032
3105,2023-09-28 00:00:00,2020-01-01 00:00:00,21706.513
3106,2024-09-26 00:00:00,2020-01-01 00:00:00,21727.657
3107,2025-09-25 00:00:00,2020-01-01 00:00:00,21751.238
3108,2020-07-30 00:00:00,2020-04-01 00:00:00,19408.759
3109,2020-08-27 00:00:00,2020-04-01 00:00:00,19486.509
3110,2020-09-30 00:00:00,2020-04-01 00:00:00,19520.114
3111,2021-07-29 00:00:00,2020-04-01 00:00:00,19477.444
3112,2022-09-29 00:00:00,2020-04-01 00:00:00,19636.731
3113,2023-09-28 00:00:00,2020-04-01 00:00:00,19913.143
3114,2024-09-26 00:00:00,2020-04-01 00:00:00,19935.444
3115,2025-09-25 00:00:00,2020-04-01 00:00:00,19958.291
3116,2020-10-29 00:00:00,2020-07-01 00:00:00,21157.635
3117,2020-11-25 00:00:00,2020-07-01 00:00:00,21157.122
3118,2020-12-22 00:00:00,2020-07-01 00:00:00,21170.252
3119,2021-07-29 00:00:00,2020-07-01 00:00:00,21138.574
3120,2022-09-29 00:00:00,2020-07-01 00:00:00,21362.428
3121,2023-09-28 00:00:00,2020-07-01 00:00:00,21647.64
3122,2024-09-26 00:00:00,2020-07-01 00:00:00,21684.551
3123,2025-09-25 00:00:00,2020-07-01 00:00:00,21704.437
3124,2021-01-28 00:00:00,2020-10-01 00:00:00,21479.529
3125,2021-02-25 00:00:00,2020-10-01 00:00:00,21487.896
3126,2021-03-25 00:00:00,2020-10-01 00:00:00,21494.731
3127,2021-07-29 00:00:00,2020-10-01 00:00:00,21477.597
3128,2022-09-29 00:00:00,2020-10-01 00:00:00,21704.706
3129,2023-09-28 00:00:00,2020-10-01 00:00:00,22024.502
3130,2024-09-26 00:00:00,2020-10-01 00:00:00,22068.767
3131,2025-09-25 00:00:00,2020-10-01 00:00:00,22087.16
3132,2021-04-29 00:00:00,2021-01-01 00:00:00,22048.894
3133,2021-05-27 00:00:00,2021-01-01 00:00:00,22061.025
3134,2021-06-24 00:00:00,2021-01-01 00:00:00,22061.503
3135,2021-07-29 00:00:00,2021-01-01 00:00:00,22038.226
3136,2022-09-29 00:00:00,2021-01-01 00:00:00,22313.85
3137,2023-09-28 00:00:00,2021-01-01 00:00:00,22600.185
3138,2024-09-26 00:00:00,2021-01-01 00:00:00,22656.793
3139,2025-09-25 00:00:00,2021-01-01 00:00:00,22680.693
3140,2021-07-29 00:00:00,2021-04-01 00:00:00,22722.581
3141,2021-08-26 00:00:00,2021-04-01 00:00:00,22731.369
3142,2021-09-30 00:00:00,2021-04-01 00:00:00,22740.959
3143,2022-09-29 00:00:00,2021-04-01 00:00:00,23046.934
3144,2023-09-28 00:00:00,2021-04-01 00:00:00,23292.362
3145,2024-09-26 00:00:00,2021-04-01 00:00:00,23368.861
3146,2025-09-25 00:00:00,2021-04-01 00:00:00,23425.91
3147,2021-10-28 00:00:00,2021-07-01 00:00:00,23173.496
3148,2021-11-24 00:00:00,2021-07-01 00:00:00,23187.042
3149,2021-12-22 00:00:00,2021-07-01 00:00:00,23202.344
3150,2022-09-29 00:00:00,2021-07-01 00:00:00,23550.42
3151,2023-09-28 00:00:00,2021-07-01 00:00:00,23828.973
3152,2024-09-26 00:00:00,2021-07-01 00:00:00,23921.991
3153,2025-09-25 00:00:00,2021-07-01 00:00:00,23982.379
3154,2022-01-27 00:00:00,2021-10-01 00:00:00,23992.355
3155,2022-02-24 00:00:00,2021-10-01 00:00:00,24008.472
3156,2022-03-30 00:00:00,2021-10-01 00:00:00,24002.815
3157,2022-09-29 00:00:00,2021-10-01 00:00:00,24349.121
3158,2023-09-28 00:00:00,2021-10-01 00:00:00,24654.603
3159,2024-09-26 00:00:00,2021-10-01 00:00:00,24777.038
3160,2025-09-25 00:00:00,2021-10-01 00:00:00,24813.6
3161,2022-04-28 00:00:00,2022-01-01 00:00:00,24382.683
3162,2022-05-26 00:00:00,2022-01-01 00:00:00,24384.289
3163,2022-06-29 00:00:00,2022-01-01 00:00:00,24386.734
3164,2022-09-29 00:00:00,2022-01-01 00:00:00,24740.48
3165,2023-09-28 00:00:00,2022-01-01 00:00:00,25029.116
3166,2024-09-26 00:00:00,2022-01-01 00:00:00,25215.491
3167,2025-09-25 00:00:00,2022-01-01 00:00:00,25250.347
3168,2022-07-28 00:00:00,2022-04-01 00:00:00,24851.809
3169,2022-08-25 00:00:00,2022-04-01 00:00:00,24882.878
3170,2022-09-29 00:00:00,2022-04-01 00:00:00,25248.476
3171,2023-09-28 00:00:00,2022-04-01 00:00:00,25544.273
3172,2024-09-26 00:00:00,2022-04-01 00:00:00,25805.791
3173,2025-09-25 00:00:00,2022-04-01 00:00:00,25861.292
3174,2022-10-27 00:00:00,2022-07-01 00:00:00,25663.289
3175,2022-11-30 00:00:00,2022-07-01 00:00:00,25698.96
3176,2022-12-22 00:00:00,2022-07-01 00:00:00,25723.941
3177,2023-09-28 00:00:00,2022-07-01 00:00:00,25994.639
3178,2024-09-26 00:00:00,2022-07-01 00:00:00,26272.011
3179,2025-09-25 00:00:00,2022-07-01 00:00:00,26336.304
3180,2023-01-26 00:00:00,2022-10-01 00:00:00,26132.458
3181,2023-02-23 00:00:00,2022-10-01 00:00:00,26144.956
3182,2023-03-30 00:00:00,2022-10-01 00:00:00,26137.992
3183,2023-09-28 00:00:00,2022-10-01 00:00:00,26408.405
3184,2024-09-26 00:00:00,2022-10-01 00:00:00,26734.277
3185,2025-09-25 00:00:00,2022-10-01 00:00:00,26770.514
3186,2023-04-27 00:00:00,2023-01-01 00:00:00,26465.865
3187,2023-05-25 00:00:00,2023-01-01 00:00:00,26486.287
3188,2023-06-29 00:00:00,2023-01-01 00:00:00,26529.774
3189,2023-09-28 00:00:00,2023-01-01 00:00:00,26813.601
3190,2024-09-26 00:00:00,2023-01-01 00:00:00,27164.359
3191,2025-09-25 00:00:00,2023-01-01 00:00:00,27216.445
3192,2023-07-27 00:00:00,2023-04-01 00:00:00,26834.953
3193,2023-08-30 00:00:00,2023-04-01 00:00:00,26798.605
3194,2023-09-28 00:00:00,2023-04-01 00:00:00,27063.012
3195,2024-09-26 00:00:00,2023-04-01 00:00:00,27453.815
3196,2025-09-25 00:00:00,2023-04-01 00:00:00,27530.055
3197,2023-10-26 00:00:00,2023-07-01 00:00:00,27623.543
3198,2023-11-29 00:00:00,2023-07-01 00:00:00,27644.463
3199,2023-12-21 00:00:00,2023-07-01 00:00:00,27610.128
3200,2024-09-26 00:00:00,2023-07-01 00:00:00,27967.697
3201,2025-09-25 00:00:00,2023-07-01 00:00:00,28074.846
3202,2024-01-25 00:00:00,2023-10-01 00:00:00,27938.831
3203,2024-02-28 00:00:00,2023-10-01 00:00:00,27944.627
3204,2024-03-28 00:00:00,2023-10-01 00:00:00,27956.998
3205,2024-09-26 00:00:00,2023-10-01 00:00:00,28296.967
3206,2025-09-25 00:00:00,2023-10-01 00:00:00,28424.722
3207,2024-04-25 00:00:00,2024-01-01 00:00:00,28284.498
3208,2024-05-30 00:00:00,2024-01-01 00:00:00,28255.928
3209,2024-06-27 00:00:00,2024-01-01 00:00:00,28269.174
3210,2024-09-26 00:00:00,2024-01-01 00:00:00,28624.069
3211,2025-09-25 00:00:00,2024-01-01 00:00:00,28708.161
3212,2024-07-25 00:00:00,2024-04-01 00:00:00,28629.153
3213,2024-08-29 00:00:00,2024-04-01 00:00:00,28652.337
3214,2024-09-26 00:00:00,2024-04-01 00:00:00,29016.714
3215,2025-09-25 00:00:00,2024-04-01 00:00:00,29147.044
3216,2024-10-30 00:00:00,2024-07-01 00:00:00,29349.924
3217,2024-11-27 00:00:00,2024-07-01 00:00:00,29354.321
3218,2024-12-19 00:00:00,2024-07-01 00:00:00,29374.914
3219,2025-09-25 00:00:00,2024-07-01 00:00:00,29511.664
3220,2025-01-30 00:00:00,2024-10-01 00:00:00,29700.58
3221,2025-02-27 00:00:00,2024-10-01 00:00:00,29719.647
3222,2025-03-27 00:00:00,2024-10-01 00:00:00,29723.864
3223,2025-09-25 00:00:00,2024-10-01 00:00:00,29825.182
3224,2025-04-30 00:00:00,2025-01-01 00:00:00,29977.632
3225,2025-05-29 00:00:00,2025-01-01 00:00:00,29976.638
3226,2025-06-26 00:00:00,2025-01-01 00:00:00,29962.047
3227,2025-09-25 00:00:00,2025-01-01 00:00:00,30042.113
3228,2025-07-30 00:00:00,2025-04-01 00:00:00,30331.117
3229,2025-08-28 00:00:00,2025-04-01 00:00:00,30353.902
3230,2025-09-25 00:00:00,2025-04-01 00:00:00,30485.729
3231,2025-12-23 00:00:00,2025-07-01 00:00:00,31095.089
3232,2026-01-22 00:00:00,2025-07-01 00:00:00,31098.027
